ell_s,ell_t,finite_nlml_per_observation,gradient_norm_before_clip,iteration,iteration_seconds,kernel_variance,noise_std,train_nlml_per_observation,training_elapsed_seconds,validation_checks_without_improvement,validation_nll,validation_rmse,validation_seconds,vfe_trace_correction_per_observation,vfe_trace_residual_per_observation
"[0.35707046691769356, 0.35707046819045324]",0.04900993367307587,-0.5294550707347881,1.3665713384014717,1,0.1377472747117281,0.9801987051540508,0.102020133962201,-0.5294550707347881,0.2963009998202324,0,-0.3643830003868651,0.12848383793001086,0.15772416070103645,0.0,0.0
"[0.3642544752708527, 0.36426455418298526]",0.04814156853074685,-0.5609814254230168,0.6433076801864596,2,0.07842763885855675,0.960860588530487,0.10405752784779379,-0.5609814254230168,0.3750505931675434,,,,,0.0,0.0
"[0.371530517239835, 0.37157627978034646]",0.04745310733109114,-0.5736130944938933,0.361177795335146,3,0.07920884899795055,0.9418811188104694,0.106107009165032,-0.5736130944938933,0.45446028746664524,,,,,0.0,0.0
"[0.3788772060851893, 0.3790020005928767]",0.04675083080803147,-0.585605333891295,0.5477598293832471,4,0.07805562391877174,0.9231813999397801,0.10815342521657864,-0.585605333891295,0.532720061019063,,,,,0.0,0.0
"[0.38627085955784957, 0.3865329702172363]",0.046032110213780876,-0.6004293725037477,0.5508646778262236,5,0.0787839200347662,0.9047712466342648,0.1101708955859757,-0.6004293725037477,0.7000758182257414,0,-0.437357049806478,0.12652340173929094,0.08794808015227318,0.0,0.0
"[0.3937065781864574, 0.3941561578567478]",0.04534930787362788,-0.611608838719421,0.31741612232202826,6,0.0818304605782032,0.8866403693108615,0.11213425209632867,-0.611608838719421,0.7821922041475773,,,,,0.0,0.0
"[0.4011813790381102, 0.40186511822624726]",0.04468722938231715,-0.6198419434833118,0.3190533585475149,7,0.0839692410081625,0.86880707747071,0.11401627082100639,-0.6198419434833118,0.866389675065875,,,,,0.0,0.0
"[0.40867191305628453, 0.4096582722519779]",0.04403822710815791,-0.6271660526333425,0.3199126468541874,8,0.08590821549296379,0.8512848856994223,0.11578649541166552,-0.6271660526333425,0.9525146950036287,,,,,0.0,0.0
"[0.41617274808805266, 0.4175322967336553]",0.04336513495156617,-0.6359376769309655,0.5320337436279462,9,0.0859523806720972,0.8340999545530894,0.11740599103009781,-0.6359376769309655,1.0386588461697102,,,,,0.0,0.0
"[0.423685843366836, 0.42547801001038627]",0.04275753926886419,-0.6428698528229845,0.08851804300740983,10,0.08572558127343655,0.817223333935964,0.11884148965387586,-0.6428698528229845,1.2143001612275839,0,-0.5043946614966599,0.1245550359599199,0.08931224048137665,0.0,0.0
"[0.43121069387491723, 0.4334886496300656]",0.042279238176821866,-0.6418400702868686,0.23574299299642623,11,0.08626045659184456,0.8006626292174344,0.12008373188321543,-0.6418400702868686,1.300851795822382,,,,,0.0,0.0
"[0.43873407174079165, 0.44156581953199664]",0.04183254604361389,-0.6417213133242297,0.12276327968155207,12,0.0875630360096693,0.7844862732731114,0.12112233611761494,-0.6417213133242297,1.3886427730321884,,,,,0.0,0.0
"[0.4462307059605898, 0.4497140902709893]",0.04135337369955218,-0.6451259341141531,0.40961365966610447,13,0.08657727763056755,0.7687691496508081,0.12194064162471689,-0.6451259341141531,1.4754184316843748,,,,,0.0,0.0
"[0.4536813360531793, 0.45793423703033465]",0.04080996889774819,-0.651916513790042,0.6966557928625959,14,0.08633414469659328,0.7535469175626903,0.1225194295128938,-0.651916513790042,1.5619507636874914,,,,,0.0,0.0
"[0.46107347845557767, 0.4662120635228914]",0.040209761388253676,-0.6628886461084045,0.8076600940964188,15,0.0868922509253025,0.7386842698387834,0.12284125860113396,-0.6628886461084045,1.7399306278675795,0,-0.567867973861843,0.12166864989864411,0.09049620851874352,0.0,0.0
"[0.4684179033660772, 0.47453171588910903]",0.03961403164765776,-0.6724153660068081,0.3977541306666261,16,0.08736489526927471,0.7240876657716669,0.12290333464284948,-0.6724153660068081,1.827587841078639,,,,,0.0,0.0
"[0.47572705395737225, 0.48289566687924623]",0.039029452752198754,-0.6776470459351713,0.3616914187622053,17,0.08760796673595905,0.7098044928484059,0.12272001767191348,-0.6776470459351713,1.9154032208025455,,,,,0.0,0.0
"[0.4829795754699081, 0.49131542063756506]",0.03845975855975021,-0.684206548371956,0.3401024318134801,18,0.08823429234325886,0.6959011333359776,0.12230720417204378,-0.684206548371956,2.003845851868391,,,,,0.0,0.0
"[0.4901689156762518, 0.49979490229864343]",0.03797501357923619,-0.6866281245302023,0.23632881420156474,19,0.08959624357521534,0.6824275352651655,0.12169529802377675,-0.6866281245302023,2.0936677884310484,,,,,0.0,0.0
"[0.4973076187744013, 0.5083330261609664]",0.0375909237049586,-0.685877820982493,0.3235483263172733,20,0.0817280188202858,0.6694079856685565,0.12092262623362161,-0.685877820982493,2.26812188886106,0,-0.6273194688040792,0.1192054602747418,0.09211868420243263,0.0,0.0
"[0.5044409343871847, 0.5169391809710113]",0.037282177874116085,-0.6853207482052517,0.2634204313923064,21,0.08907083421945572,0.6569823392511714,0.12002232941577451,-0.6853207482052517,2.357484955340624,,,,,0.0,0.0
"[0.5115841294897719, 0.5256247765126159]",0.03701994753024488,-0.6862737623923935,0.18534214126679746,22,0.08855883218348026,0.6452852608754981,0.11902213657065308,-0.6862737623923935,2.4462471678853035,,,,,0.0,0.0
"[0.5186952089766896, 0.5343948681845152]",0.036790060080510015,-0.6879160171866613,0.1554004177238241,23,0.08876477740705013,0.6343879765291158,0.11794756048354996,-0.6879160171866613,2.5352056678384542,,,,,0.0,0.0
"[0.525697592715853, 0.5432503061661837]",0.036573192740478225,-0.6899521480258755,0.14611118252733918,24,0.08346645534038544,0.6243392873895718,0.11682180316230743,-0.6899521480258755,2.6188626773655415,,,,,0.0,0.0
"[0.532503444938086, 0.5521882049315714]",0.036337316615883276,-0.6926402516169325,0.25555688091995676,25,0.08985891193151474,0.6151553956523965,0.1156652995613946,-0.6926402516169325,2.803562205284834,0,-0.672381135130406,0.11925559730649771,0.0942173209041357,0.0,0.0
"[0.5390250161821329, 0.5612011337462773]",0.036034840559283056,-0.6968511788083798,0.5499547532729171,26,0.09056297689676285,0.6067907109304871,0.11449425041251714,-0.6968511788083798,2.8944218922406435,,,,,0.0,0.0
"[0.545185851191798, 0.5702746261565808]",0.03562771382148658,-0.7049394975399036,0.9673312455771093,27,0.09013798460364342,0.5990927822388425,0.11331628587787008,-0.7049394975399036,2.984754014760256,,,,,0.0,0.0
"[0.5509398084506224, 0.5793830059891899]",0.03514684859769884,-0.7180689139146006,0.9085031450202238,28,0.09523971751332283,0.5917934023329393,0.11212904303035107,-0.7180689139146006,3.080181147903204,,,,,0.0,0.0
"[0.556262917907015, 0.5885019639309338]",0.034683540580140705,-0.727321953762988,0.23926552349008828,29,0.09152244031429291,0.5847213520306236,0.11093818049087095,-0.727321953762988,3.1718956008553505,,,,,0.0,0.0
"[0.5611469807884489, 0.5976253109279972]",0.034263061050064714,-0.7296328653343975,0.09704058174450052,30,0.09100957214832306,0.5779755644090644,0.10976039130974632,-0.7296328653343975,3.3589108884334564,0,-0.729571564081331,0.11573958857144034,0.09538733959197998,0.0,0.0
"[0.565612525319452, 0.6067504906383291]",0.033883735706822224,-0.7314561167284047,0.08003286918620427,31,0.09232265129685402,0.5716840560274975,0.10861104092536994,-0.7314561167284047,3.451567515730858,,,,,0.0,0.0
"[0.5696479220150644, 0.61585513814163]",0.03355503645097132,-0.731924907403911,0.10611762371453459,32,0.0914643295109272,0.5658652550495328,0.10750852364522265,-0.731924907403911,3.5432285591959953,,,,,0.0,0.0
"[0.5732538884665044, 0.6249080820930037]",0.03322086309560369,-0.7332839806477826,0.2621396837399342,33,0.09215151891112328,0.5605839589625222,0.10646602557218557,-0.7332839806477826,3.635590072721243,,,,,0.0,0.0
"[0.5764473468663059, 0.6338811540697282]",0.03284702901050949,-0.738454085477033,0.5300975235169799,34,0.1198622528463602,0.5558946027489741,0.10548561289877009,-0.738454085477033,3.7557265423238277,,,,,0.0,0.0
"[0.5793338713187164, 0.6427516721144152]",0.0324852906639245,-0.7433551175092362,0.17671338973000528,35,0.1309490203857422,0.5518807971346974,0.104567975719139,-0.7433551175092362,3.983355199918151,0,-0.7555846978348948,0.11542724414327575,0.09606839343905449,0.0,0.0
"[0.582030652738328, 0.6515025920440266]",0.03215995099109545,-0.7442012679364471,0.02535292130461998,36,0.09278664365410805,0.5485724635829512,0.10372334882070533,-0.7442012679364471,4.076441844925284,,,,,0.0,0.0
"[0.5845740384335252, 0.660124186575601]",0.03183536130237678,-0.7455799563379883,0.21820155392862348,37,0.09359117224812508,0.5459048446087138,0.10295959445310555,-0.7455799563379883,4.170257244259119,,,,,0.0,0.0
"[0.5869213773959783, 0.6685965665686311]",0.03152640176810981,-0.7478752634568298,0.11362072144644028,38,0.09434528835117817,0.5438384523635061,0.10227993269532015,-0.7478752634568298,4.264801098033786,,,,,0.0,0.0
"[0.5890629185978107, 0.6769165592296084]",0.03125741793309491,-0.7479529450587494,0.0695033857844621,39,0.09343802183866501,0.5425287163996666,0.10168825003787677,-0.7479529450587494,4.358442006632686,,,,,0.0,0.0
"[0.5909973629245883, 0.6850861625760605]",0.030991486311130915,-0.7481615098213628,0.16153248394862238,40,0.09351733885705471,0.5420496903729647,0.10118655996860976,-0.7481615098213628,4.549809452146292,0,-0.76757992982964,0.11537624413646981,0.09724352695047855,0.0,0.0
"[0.5926967769038002, 0.6930819839407979]",0.030660950956931818,-0.7517144129838014,0.6799081175354067,41,0.09528647735714912,0.5423147125232078,0.10076892938211378,-0.7517144129838014,4.645396512001753,,,,,0.0,0.0
"[0.5942121826481248, 0.7008577648818476]",0.03026931949916605,-0.7605178639564977,0.7535549670779695,42,0.09432299435138702,0.5432105584082034,0.10041514258621147,-0.7605178639564977,4.739918429404497,,,,,0.0,0.0
"[0.595590404328915, 0.7083821165947343]",0.029921210108850325,-0.7653242805515426,0.03479590973467669,43,0.09477171488106251,0.5445558047553658,0.10011642480856517,-0.7653242805515426,4.834876660257578,,,,,0.0,0.0
"[0.5966842467826083, 0.7156401474709951]",0.02964083807502149,-0.7629983425125341,0.23216224338927258,44,0.09533259458839893,0.5461361633487888,0.0998831054007676,-0.7629983425125341,4.930401304736733,,,,,0.0,0.0
"[0.597398120876274, 0.7226388634394375]",0.02936604189974103,-0.7626013308657484,0.16649498770627746,45,0.09584578312933445,0.5479499978620788,0.09971513464778449,-0.7626013308657484,5.126558592543006,0,-0.7838243344789868,0.11394907151964999,0.09966742992401123,0.0,0.0
"[0.5977794768309372, 0.7293780696353466]",0.029084932981156858,-0.7649940273584613,0.25145589794218853,46,0.09654677659273148,0.5500754342795795,0.09960251418945737,-0.7649940273584613,5.223392426967621,,,,,0.0,0.0
"[0.5979760670451593, 0.7358578321232723]",0.02881435770056241,-0.7667063456320606,0.13041075338040606,47,0.09598860703408718,0.552720120577348,0.09953392050973144,-0.7667063456320606,5.319570057094097,,,,,0.0,0.0
"[0.5981351014567498, 0.7420892927567192]",0.028543011087615117,-0.7683374293013889,0.20621650822890203,48,0.09966924041509628,0.5559246656883345,0.0995002591228755,-0.7683374293013889,5.41943277977407,,,,,0.0,0.0
"[0.5983212578344269, 0.7480579799149242]",0.028258106347593855,-0.7706657119274324,0.30675299374679965,49,0.09853400848805904,0.5594771051139853,0.09949478905508236,-0.7706657119274324,5.518166713416576,,,,,0.0,0.0
"[0.5985479043098523, 0.7537348389073383]",0.027927988310947314,-0.7753235530352192,0.5894671399477303,50,0.09706669487059116,0.5632408208343307,0.09950302224935369,-0.7753235530352192,5.716565117239952,0,-0.797550072045067,0.11253728090239544,0.10073154419660568,0.0,0.0
"[0.59880944896914, 0.7590805700778837]",0.02757844937251724,-0.7819758040577802,0.4238537497583945,51,0.09814765863120556,0.5670425634402194,0.09950608180337554,-0.7819758040577802,5.8150268364697695,,,,,0.0,0.0
"[0.599222306191558, 0.7640824759292941]",0.027248718708864098,-0.7850758940571877,0.123687212131253,52,0.09804398939013481,0.5706949185548083,0.09949667914846004,-0.7850758940571877,5.913273012265563,,,,,0.0,0.0
"[0.5998803503099253, 0.7687482572426034]",0.02693864502363803,-0.7860161863380506,0.10848404156185189,53,0.09819877706468105,0.5741264285319069,0.09947301237324037,-0.7860161863380506,6.011677669361234,,,,,0.0,0.0
"[0.6007697682398385, 0.7731126721387911]",0.026653546200802018,-0.7878064099021881,0.05224335986711255,54,0.09833771362900734,0.5772876067509902,0.09943094203455992,-0.7878064099021881,6.110212679952383,,,,,0.0,0.0
"[0.6018572884215678, 0.7771820954283082]",0.026457056099959127,-0.7852637383906647,0.44070040181460707,55,0.09941449202597141,0.5800456741512736,0.0993810641625024,-0.7852637383906647,6.312742117792368,0,-0.799081718511949,0.11263153222481266,0.10249191708862782,0.0,0.0
"[0.6031483769688354, 0.7809618955361001]",0.026322068089795626,-0.7823615680071416,0.3186645472322073,56,0.09937812387943268,0.5824103506850633,0.09933300468722579,-0.7823615680071416,6.412418847903609,,,,,0.0,0.0
"[0.6046251188709911, 0.7844561510740792]",0.02624332717633937,-0.7807971234429323,0.32884769510621187,57,0.10036667436361313,0.5843895497719216,0.09929213800980578,-0.7807971234429323,6.513006690889597,,,,,0.0,0.0
"[0.606257633103321, 0.7876685643802651]",0.026224459976665716,-0.7797141615616944,0.4010802128587711,58,0.0996264535933733,0.5860100319243435,0.09926200834353409,-0.7797141615616944,6.61283328011632,,,,,0.0,0.0
"[0.6080150888971335, 0.7906041465361576]",0.026261652223823213,-0.7794236115348184,0.41903179782447875,59,0.1000654436647892,0.5873156351385999,0.09924343013809409,-0.7794236115348184,6.713099300861359,,,,,0.0,0.0
"[0.6098669058162445, 0.7932691938748284]",0.026344995752680185,-0.7799967182926411,0.3838468272155492,60,0.09464340470731258,0.5883585547713069,0.09923450151352897,-0.7799967182926411,6.911005729809403,0,-0.7996360683800187,0.11268103605950586,0.10263646207749844,0.0,0.0
"[0.6117816260285159, 0.7956711181123938]",0.02646165701127456,-0.7810980476977727,0.3149616148806036,61,0.09447144530713558,0.5892047147001461,0.09923171106431437,-0.7810980476977727,7.005782578140497,,,,,0.0,0.0
"[0.6137191534635422, 0.7978167147357302]",0.026609889765053216,-0.7824547418549466,0.3221823517744856,62,0.09387756511569023,0.5899237444078845,0.09923102167745194,-0.7824547418549466,7.099857969209552,,,,,0.0,0.0
"[0.6156276728285505, 0.7997115719479644]",0.026801843576773014,-0.7845971499393068,0.43781518234747246,63,0.10008175112307072,0.5905698478059752,0.0992265745134011,-0.7845971499393068,7.200168972834945,,,,,0.0,0.0
"[0.617475638783783, 0.8013641147222389]",0.027011117187283395,-0.7873997539964549,0.2570691646538671,64,0.09893138706684113,0.5912535151660405,0.09921034425578949,-0.7873997539964549,7.299304470419884,,,,,0.0,0.0
"[0.6192690441147246, 0.8027711696183222]",0.02718049486600748,-0.7876290320543264,0.159082338013512,65,0.0980948731303215,0.5921404904634149,0.09918254654580837,-0.7876290320543264,7.499307848513126,0,-0.8031710122442586,0.11234183155796834,0.10130659118294716,0.0,0.0
"[0.6209864887989709, 0.8039212537548166]",0.027312339456523383,-0.7864662982023272,0.16345626229356858,66,0.09191592410206795,0.5932700352919994,0.0991493887690527,-0.7864662982023272,7.59150704741478,,,,,0.0,0.0
"[0.6225827076083881, 0.8048161251201031]",0.027422124462551507,-0.7859055554055069,0.07416321681707977,67,0.09837361611425877,0.5946442493760729,0.09911484870840674,-0.7859055554055069,7.6900746170431376,,,,,0.0,0.0
"[0.624007594723524, 0.8054688793068009]",0.027513907410792574,-0.7856665137869077,0.057968532023865094,68,0.10320776887238026,0.596278327217881,0.0990811585024167,-0.7856665137869077,7.7934789173305035,,,,,0.0,0.0
"[0.6252144950279236, 0.8058975729789466]",0.027584346509405687,-0.785427150938738,0.09165154229609451,69,0.10015991516411304,0.5981946762222845,0.09905006074640961,-0.785427150938738,7.893862560391426,,,,,0.0,0.0
"[0.6261684497788603, 0.8061216158855984]",0.027629854105470295,-0.7851490594744003,0.12885228050151062,70,0.09921571426093578,0.6004075320828708,0.09902309980076338,-0.7851490594744003,8.094549408182502,1,-0.8001135643393142,0.11269626949125063,0.1012500561773777,0.0,0.0
"[0.6268537908571775, 0.8061609323611542]",0.027649101540749076,-0.7849221792284689,0.1526706838478447,71,0.09805069677531719,0.6029150105234392,0.09900137482534466,-0.7849221792284689,8.192877553403378,,,,,0.0,0.0
"[0.6272765891650401, 0.8060358325558872]",0.027642953386113268,-0.7848199154227821,0.16254458949859033,72,0.09860449843108654,0.6056975913307818,0.09898532096179265,-0.7848199154227821,8.291694739833474,,,,,0.0,0.0
"[0.6274628550851536, 0.805766784797628]",0.02761418638698243,-0.7848652862247789,0.15914614464741725,73,0.09905613400042057,0.6087192900640892,0.09897467870702707,-0.7848652862247789,8.390953904017806,,,,,0.0,0.0
"[0.6274547869595151, 0.8053742049711581]",0.02756709165055558,-0.7850341804230435,0.1439450009171493,74,0.0967260580509901,0.6119307690035118,0.09896863023907718,-0.7850341804230435,8.487872771918774,,,,,0.0,0.0
"[0.6273052526160906, 0.80487819639746]",0.027507066210075735,-0.7852701063547844,0.11868616930004926,75,0.09642725437879562,0.6152737967370568,0.098966044484976,-0.7852701063547844,8.685353629291058,2,-0.8006635602235244,0.11259275128579693,0.10086035169661045,0.0,0.0
"[0.6270703939649135, 0.8042982649106828]",0.027439963444207297,-0.7855051216813994,0.0870489827223669,76,0.10497273690998554,0.6186869686786778,0.09896574721723352,-0.7855051216813994,8.790604420006275,,,,,0.0,0.0
"[0.6268024429826488, 0.8036534719074385]",0.027370327712156722,-0.7856926387181575,0.060693641631131105,77,0.0980902872979641,0.6221131541023358,0.09896667956329071,-0.7856926387181575,8.88889422826469,,,,,0.0,0.0
"[0.6265455088415934, 0.8029632008651376]",0.027299104728739743,-0.7858435858195802,0.05578527694978503,78,0.10244356095790863,0.6255063047513245,0.09896783233786974,-0.7858435858195802,8.991533717140555,,,,,0.0,0.0
"[0.6263343483139413, 0.8022480743694596]",0.027222687784816804,-0.7860227423785279,0.08086988454257325,79,0.10080868937075138,0.6288337947484224,0.09896801693620931,-0.7860227423785279,9.092543276026845,,,,,0.0,0.0
"[0.6261938275480576, 0.8015308556011856]",0.027133777400464507,-0.7863253364117957,0.13314023254635646,80,0.09846125729382038,0.6320737564136089,0.09896557545613456,-0.7863253364117957,9.297558637335896,3,-0.8031238825861847,0.11228653445393676,0.10634893551468849,0.0,0.0
"[0.6261362719398851, 0.8008372611423871]",0.027025190895841916,-0.7868675411241262,0.1898533340400426,81,0.09952927380800247,0.6352053796396988,0.09895810970565037,-0.7868675411241262,9.397392768412828,,,,,0.0,0.0
"[0.6261550939014721, 0.8001941718942324]",0.026902116718297113,-0.7876374886406692,0.1684158377159789,82,0.10504446737468243,0.6381810009032515,0.0989429637291761,-0.7876374886406692,9.502647178247571,,,,,0.0,0.0
"[0.6262256131536533, 0.7996208515741445]",0.02679673181991254,-0.7880033482108026,0.03759882907548248,83,0.10415819473564625,0.640896869671935,0.0989200928933818,-0.7880033482108026,9.60700816847384,,,,,0.0,0.0
"[0.6263293682278132, 0.7991241598597415]",0.026743688167634293,-0.7873785887043104,0.27766967257405767,84,0.09922636486589909,0.6432573070843951,0.09889346628978861,-0.7873785887043104,9.70643836632371,,,,,0.0,0.0
"[0.626462304658997, 0.7987056176052455]",0.026752072328662196,-0.7867269008209686,0.3732851188268798,85,0.1033035758882761,0.6452367396789339,0.09886659024412973,-0.7867269008209686,9.916920561343431,4,-0.8023494139618383,0.11238351113079252,0.10696470364928246,0.0,0.0
"[0.6266237101533911, 0.7983647301343239]",0.026813874345328094,-0.786840014024156,0.36084322619388925,86,0.10727596841752529,0.6468609047254811,0.09883983275437053,-0.786840014024156,10.024583036080003,,,,,0.0,0.0
"[0.6268171668857169, 0.7980991505718208]",0.02690651987883497,-0.7875421125740385,0.24253920392191555,87,0.09866955503821373,0.6482011296163541,0.09881126042459873,-0.7875421125740385,10.123459834605455,,,,,0.0,0.0
"[0.6270562603652257, 0.797902521417634]",0.026995156295043662,-0.7880122359885287,0.029511923679482716,88,0.10387612879276276,0.6493668206674396,0.09877975762933086,-0.7880122359885287,10.227549260482192,,,,,0.0,0.0
"[0.6273535317392868, 0.7977630968385965]",0.02705500971411035,-0.7878197658319622,0.13354363398885655,89,0.09971070475876331,0.6504470167389524,0.09874703072968581,-0.7878197658319622,10.327469546347857,,,,,0.0,0.0
"[0.6277089489110576, 0.7976697252959131]",0.02708003621706838,-0.7874551177297489,0.1883812324061076,90,0.10390209220349789,0.6514816351234174,0.09871566289310353,-0.7874551177297489,10.534085292369127,0,-0.8034413984694866,0.11221872887827318,0.10196326114237309,0.0,0.0
"[0.6281133555196446, 0.7976168673518288]",0.027072065277913747,-0.7872771803134734,0.19684836461141583,91,0.10139781795442104,0.652482662466825,0.0986873122078487,-0.7872771803134734,10.635776206851006,,,,,0.0,0.0
"[0.6285531317758589, 0.7976050998062763]",0.02703445777111637,-0.7873354960563437,0.19509641318476503,92,0.09979911334812641,0.6534488260404143,0.09866239312022103,-0.7873354960563437,10.73578648455441,,,,,0.0,0.0
"[0.6290103087926766, 0.7976397231115199]",0.026973163784395283,-0.7875955845925893,0.1751466628341866,93,0.10457506217062473,0.6543646198195159,0.09864034289777937,-0.7875955845925893,10.840555749833584,,,,,0.0,0.0
"[0.6294608185678717, 0.797727578633459]",0.02690210293459831,-0.7879184978463919,0.10052931957103681,94,0.09974614158272743,0.6551904916513441,0.09862044055144553,-0.7879184978463919,10.940521165728569,,,,,0.0,0.0
"[0.6298780476500349, 0.7978722762720922]",0.026844373066160103,-0.7880072698509634,0.0408819062457138,95,0.10418723337352276,0.6558656484914412,0.09860310250981771,-0.7880072698509634,11.147262873128057,0,-0.8036178615516713,0.11225681035183648,0.10194522514939308,0.0,0.0
"[0.630242851353004, 0.7980723268151313]",0.026820010236521672,-0.7877747275662427,0.17598612792507898,96,0.10377296060323715,0.6563430989459274,0.09858988655204552,-0.7877747275662427,11.25130856409669,,,,,0.0,0.0
"[0.6305474126449264, 0.7983231807947684]",0.02683466053671045,-0.7875889898050955,0.23192872371787276,97,0.09853223338723183,0.6566175517089574,0.09858172045377307,-0.7875889898050955,11.350036086514592,,,,,0.0,0.0
"[0.6307930703410201, 0.7986187045907761]",0.026879451131332745,-0.7877065500830611,0.19876891339398228,98,0.10353212803602219,0.6567249721176381,0.09857793605197555,-0.7877065500830611,11.453792609274387,,,,,0.0,0.0
"[0.6309894788928907, 0.7989510121754313]",0.026934997770904866,-0.7879509076059514,0.0936465042078712,99,0.09918070025742054,0.6567320093685405,0.09857712020698237,-0.7879509076059514,11.553168848156929,,,,,0.0,0.0
"[0.6311510924144504, 0.7993099464366048]",0.02698053055582787,-0.7880141352960165,0.029966039719628437,100,0.10589141771197319,0.6567110319277281,0.09857854667356761,-0.7880141352960165,11.762673960998654,0,-0.8041951057918493,0.11219268846785652,0.10298859886825085,0.0,0.0
