scope,setting,method,kernel,capacity,completed_seeds,rmse_mean,rmse_sd,crps_mean,crps_sd,gaussian_nlpd_mean,gaussian_nlpd_sd,ece_mean,ece_sd,coverage90_mean,coverage90_sd
long,online,bui_osgpr,matern32_fallback,"{""joint_inducing"": 1024, ""ms"": 128, ""mt"": 8, ""rationale"": ""same 128 spatial locations; dense MxM algebra makes 16,384 points impractical""}",5,0.9833042991195245,0.012679816770665302,0.5612491803943375,0.008612193337730294,1.5847154022161074,0.029384165535507576,0.11310669056152929,0.005087304297093556,0.7469922341696534,0.0069380448023949656
long,online,frozen_xlag,not_applicable,"{""rationale"": ""linear sufficient-statistic baseline; no inducing variables""}",5,1.0692777589071671,0.014352441754541999,0.7167822906411618,0.012540253334225935,5.0481811181641,0.16799956717318557,0.3269168458781362,0.004432701487424497,0.36532437275985663,0.008935017219656019
long,online,kron_stgp,spectral_mixture,"{""joint_inducing"": 16384, ""ms"": 128, ""mt"": 128, ""rationale"": ""structured Kronecker factors; controlled methods match exactly"", ""rff"": 256}",5,0.4166236685766022,0.0045979005467044545,0.23906927328559804,0.001581796987111121,0.6590140821761656,0.005055932954020138,0.1710884109916368,0.0018085412294899276,0.966852449223417,0.0011997048256256239
long,online,kronhippo_stgp,spectral_mixture,"{""joint_inducing"": 16384, ""ms"": 128, ""mt"": 128, ""rationale"": ""structured Kronecker factors; controlled methods match exactly"", ""rff"": 256}",5,0.12514151330429124,0.0034289808972366494,0.06653479139677802,0.0014364685452431414,-0.6836774431101931,0.018604407468228907,0.0631859617682198,0.0035863079558917485,0.9134366786140979,0.00349466616093991
long,online,maddox_streaming_sgpr,matern32_fallback,"{""joint_inducing"": 128, ""ms"": 128, ""mt"": 1, ""rationale"": ""long-stream numerical-stability reduction; minimum allowed inducing capacity""}",3,1.0660359476151622,0.01963654380561525,0.6282581170689663,0.014380840079799105,1.7331265027248415,0.04663130503065362,0.15431491437674236,0.008033669880143854,0.7081511350059736,0.011202953579932628
long,online,ohsvgp,squared_exponential_official,"{""inducing_size"": 128, ""rationale"": ""temporal memory order and RFF count aligned with Route-B; no separate spatial grid"", ""rff"": 256}",5,0.7303380772693184,0.030221042906726902,0.41315313605068155,0.01697207156087741,1.298922832726866,0.06858141344620823,0.1063057347670251,0.00909472180553677,0.7604097968936678,0.015877143556374505
long,online,recursive_xlag,not_applicable,"{""rationale"": ""linear sufficient-statistic baseline; no inducing variables""}",5,0.6155865725564886,0.00758334426044617,0.33498392164582647,0.004156807459029496,0.927838336521148,0.016345780124288792,0.017585364396654722,0.001983687005735323,0.8601917562724013,0.0049718881339918105
short,batch,frozen_xlag,not_applicable,"{""rationale"": ""linear sufficient-statistic baseline; no inducing variables""}",5,0.36736604891744307,0.0038458643201220765,0.20576542380250523,0.00198821189120705,0.41763551078598116,0.010489091439951442,0.009075268817204295,0.0036952378905026626,0.9099999999999999,0.0036366407696401593
short,batch,gpflow_svgp,matern32_fallback,"{""joint_inducing"": 1024, ""ms"": 128, ""mt"": 8, ""rationale"": ""same 128 spatial locations; dense MxM algebra makes 16,384 points impractical""}",5,0.16807831452233984,0.004820975763890539,0.09352007759566697,0.0021722447393348597,-0.33258646084506466,0.01984661087571645,0.09349301075268816,0.0023390136991862398,0.9558870967741935,0.0021323152704357056
short,batch,kron_stgp,spectral_mixture,"{""joint_inducing"": 16384, ""ms"": 128, ""mt"": 128, ""rationale"": ""structured Kronecker factors; controlled methods match exactly"", ""rff"": 256}",5,0.07467939654252727,0.005194657671317334,0.04873153866863074,0.0014984645723404898,-0.8394016221220294,0.017326228149626463,0.24061559139784947,0.006919150403025489,0.9932634408602151,0.002023784747878685
short,batch,kron_stgp_residual,spectral_mixture,"{""joint_inducing"": 16384, ""ms"": 128, ""mt"": 128, ""rationale"": ""structured Kronecker factors; controlled methods match exactly"", ""rff"": 256}",5,0.09523112576002055,0.00569938652096952,0.056779842176085026,0.0017473306118888845,-0.7448248524449692,0.019847569812613174,0.18938602150537634,0.005498395402843652,0.9863279569892474,0.00265902205931875
short,batch,kronhippo_stgp,spectral_mixture,"{""joint_inducing"": 16384, ""ms"": 128, ""mt"": 128, ""rationale"": ""structured Kronecker factors; controlled methods match exactly"", ""rff"": 256}",5,0.08824650867952849,0.004773890754335076,0.05109026162675675,0.001649542125388974,-0.8818674733014115,0.02124044320506969,0.1613752688172043,0.007361653890245629,0.9802150537634409,0.0037491086542319704
short,batch,kronhippo_stgp_residual,spectral_mixture,"{""joint_inducing"": 16384, ""ms"": 128, ""mt"": 128, ""rationale"": ""structured Kronecker factors; controlled methods match exactly"", ""rff"": 256}",5,0.10730941869263044,0.005310120995982816,0.06056070267835734,0.0018376247491528853,-0.7406860024330563,0.022489111090029417,0.1308543010752688,0.0049704269817444705,0.9724086021505375,0.0037638536639961564
short,online,bui_osgpr,matern32_fallback,"{""joint_inducing"": 1024, ""ms"": 128, ""mt"": 8, ""rationale"": ""same 128 spatial locations; dense MxM algebra makes 16,384 points impractical""}",5,0.33776061455341966,0.005089280606509208,0.21405101310821362,0.002065583201533816,0.6904220508900496,0.01941324607498867,0.1455537634408602,0.0028265429178518805,0.9461720430107526,0.0022187273796273554
short,online,frozen_xlag,not_applicable,"{""rationale"": ""linear sufficient-statistic baseline; no inducing variables""}",5,0.7041281971065286,0.011050210888520104,0.43899220334600136,0.00978669193683837,2.083121331997056,0.09663123505561037,0.22803118279569895,0.007247948346381817,0.5493602150537635,0.012319402984980521
short,online,kron_stgp,spectral_mixture,"{""joint_inducing"": 16384, ""ms"": 128, ""mt"": 128, ""rationale"": ""structured Kronecker factors; controlled methods match exactly"", ""rff"": 256}",5,0.07313184921224061,0.005289954611431287,0.0477880336994186,0.0015188865210061097,-0.8580489765170943,0.018365740724356462,0.24165483870967744,0.007025437630816871,0.9935161290322579,0.0020526618393350102
short,online,kronhippo_stgp,spectral_mixture,"{""joint_inducing"": 16384, ""ms"": 128, ""mt"": 128, ""rationale"": ""structured Kronecker factors; controlled methods match exactly"", ""rff"": 256}",5,0.0794576143496797,0.0051121026949273955,0.0462512328356086,0.0017098420510820971,-0.9687425096986934,0.02510829706090963,0.17751129032258062,0.00838353449128346,0.9824784946236559,0.0038184062169565464
short,online,maddox_streaming_sgpr,matern32_fallback,"{""joint_inducing"": 1024, ""ms"": 128, ""mt"": 8, ""rationale"": ""short-stream stable Maddox configuration""}",5,63.52603688622078,36.61191673451215,22.124844308633776,7.344564890680572,70507.37608828097,86028.37692356583,0.36843870967741943,0.006046819211359353,0.24561290322580645,0.013202543138907773
short,online,ohsvgp,squared_exponential_official,"{""inducing_size"": 128, ""rationale"": ""temporal memory order and RFF count aligned with Route-B; no separate spatial grid"", ""rff"": 256}",5,0.590689871765434,0.009126876263979497,0.3376504372339561,0.006330733630576598,0.9656744684242057,0.036714179410473065,0.041067204301075265,0.010162826838088126,0.8398978494623656,0.013559548547214056
short,online,recursive_xlag,not_applicable,"{""rationale"": ""linear sufficient-statistic baseline; no inducing variables""}",5,0.4662962732450618,0.007230811687957726,0.25545001238857346,0.004919871954776772,0.6628863428879196,0.028393616382304476,0.045488709677419366,0.007914054144755892,0.8267150537634409,0.009935630788375192
