block_id,block_start,block_stop,coverage50,coverage80,coverage90,coverage95,factor_preparation_seconds,feature_loading_seconds,hours,mean_interval_width90,mean_predictive_std,nll,peak_cuda_allocated_mib,persistent_state_bytes,prediction_seconds,rmse,solver_backend,solver_device,solver_dtype,task,temporal_factor_device,update_seconds
0,0,10,0.9215,0.9585,0.9695,0.975,0.004290813580155373,2.614013671875,10,1.6376262737101712,0.49780304061015573,0.26921826596658444,165.57177734375,6701192,0.08681060001254082,0.11385021644186911,torch,cuda,float64,task_2,cuda,0.03665308840572834
1,10,20,0.9935,1.0,1.0,1.0,0.009318575263023376,7.530674338340759e-06,10,2.2437113852260766,0.6820398327432065,0.5549273799185543,165.57177734375,6701192,0.007745610550045967,0.13197811145611885,torch,cuda,float64,task_2,cuda,0.010607575997710228
2,20,30,0.835,0.95,0.9735,0.981,0.006890358403325081,8.482486009597778e-06,10,1.3671260169923107,0.4155768010574003,0.12682406658731,165.57177734375,6701192,0.007180660963058472,0.19801243757857825,torch,cuda,float64,task_2,cuda,0.010242750868201256
3,30,40,0.9625,0.9945,0.999,1.0,0.006470058113336563,7.2624534368515015e-06,10,2.105499810268108,0.640026497120715,0.5109156147164446,165.57177734375,6701192,0.007099587470293045,0.18821515610421977,torch,cuda,float64,task_2,cuda,0.010211143642663956
4,40,50,0.9235,0.999,0.9995,0.9995,0.003958776593208313,7.1767717599868774e-06,10,2.148048012276257,0.6529602321689231,0.5563847381935548,165.57177734375,6701192,0.0070753321051597595,0.23810254931992028,torch,cuda,float64,task_2,cuda,0.010362058877944946
5,50,60,0.817,0.9545,0.981,0.989,0.003165401518344879,5.716457962989807e-06,10,1.331989973885406,0.4048962023308058,0.0862078029642982,165.57177734375,6701192,0.0070525165647268295,0.17701493394148873,torch,cuda,float64,task_2,cuda,0.010176680982112885
6,60,70,0.986,1.0,1.0,1.0,0.0030807852745056152,6.752088665962219e-06,10,2.236080833354879,0.6797203096725307,0.5760014698797878,165.57177734375,6701192,0.007040232419967651,0.19941765255178162,torch,cuda,float64,task_2,cuda,0.010279906913638115
7,70,80,0.8845,0.965,0.9865,0.993,0.0025630053132772446,8.594244718551636e-06,10,1.7597431429563748,0.5349239330851087,0.3476430801653402,165.57177734375,6701192,0.0070696305483579636,0.19422330813132302,torch,cuda,float64,task_2,cuda,0.010147947818040848
8,80,90,0.8645,0.968,0.981,0.986,0.002860402688384056,5.11854887008667e-06,10,1.6976353862204479,0.516044515573948,0.3102911203100565,165.57177734375,6701192,0.007041057571768761,0.1956457388825692,torch,cuda,float64,task_2,cuda,0.01013815775513649
9,90,100,0.9765,0.9955,0.998,1.0,0.0026753973215818405,4.967674612998962e-06,10,2.24034566431813,0.681016726233059,0.5741928829082927,165.57177734375,6701192,0.00663192942738533,0.19209223492888192,torch,cuda,float64,task_2,cuda,0.009703116491436958
10,100,110,0.869,0.9705,0.9865,0.9925,0.0030877813696861267,4.9639493227005005e-06,10,1.3475294030569285,0.4096198533952238,0.05324275179151779,165.57177734375,6701192,0.00661860778927803,0.1514258099353246,torch,cuda,float64,task_2,cuda,0.009497499093413353
11,110,120,0.857,0.9875,0.998,1.0,0.0027698930352926254,4.800036549568176e-06,10,2.1281913550156197,0.6469242369486558,0.587094568276491,165.57177734375,6701192,0.00660301186144352,0.2991831149414343,torch,cuda,float64,task_2,cuda,0.009466655552387238
12,120,130,0.8745,0.9785,0.9955,0.9975,0.002790672704577446,5.144625902175903e-06,10,2.1282106098976685,0.6469300900172005,0.5933445556578146,165.57177734375,6701192,0.006601603701710701,0.3095278603791274,torch,cuda,float64,task_2,cuda,0.009494122117757797
13,130,140,0.7285,0.906,0.9395,0.958,0.002687279134988785,4.762783646583557e-06,10,1.3475222226764856,0.40961767071455085,0.3351787941646643,165.57177734375,6701192,0.006622251123189926,0.2284711793307946,torch,cuda,float64,task_2,cuda,0.00947362370789051
14,140,150,0.94,0.994,0.9995,1.0,0.002815164625644684,4.682689905166626e-06,10,2.240341923688565,0.6810155891624092,0.6009438576178241,165.57177734375,6701192,0.0066060833632946014,0.24683595081843748,torch,cuda,float64,task_2,cuda,0.009486911818385124
15,150,160,0.8065,0.9365,0.9595,0.971,0.002676829695701599,4.539266228675842e-06,10,1.69766676784811,0.516054054911415,0.4629379553422315,165.57177734375,6701192,0.006633590906858444,0.25560600826204166,torch,cuda,float64,task_2,cuda,0.00947638601064682
16,160,170,0.773,0.9615,0.9835,0.9915,0.002621913328766823,4.537403583526611e-06,10,1.759703378926874,0.5349118456784089,0.41326333984213115,165.57177734375,6701192,0.0066137127578258514,0.28774574934627467,torch,cuda,float64,task_2,cuda,0.009480971843004227
17,170,180,0.9115,0.9975,1.0,1.0,0.00259406678378582,4.716217517852783e-06,10,2.236081219591982,0.6797204270802732,0.6058613429015078,165.57177734375,6701192,0.006617387756705284,0.25993294179014326,torch,cuda,float64,task_2,cuda,0.009490368887782097
18,180,186,0.8791666666666667,0.9541666666666667,0.9808333333333333,0.9916666666666667,0.002877296879887581,4.844740033149719e-06,6,1.5331363828282907,0.46604036909647845,0.23503464243784264,165.57177734375,6701192,0.005668867379426956,0.18118747693706955,torch,cuda,float64,task_2,cuda,0.008945468813180923
19,186,196,0.7905,0.9105,0.9395,0.953,0.008957946673035622,2.4992002304643393,10,1.6568085223476756,0.5036340301654562,0.7810472558988505,165.57177734375,6701192,0.007306775078177452,0.23766544051978453,torch,cuda,float64,task_3,cuda,0.010611647740006447
20,196,206,0.9255,0.9895,0.9995,1.0,0.006181500852108002,4.5318156480789185e-06,10,2.2426861198544445,0.6817281741996033,0.6061160285717049,165.57177734375,6701192,0.007171992212533951,0.2556746923559593,torch,cuda,float64,task_3,cuda,0.010300161316990852
21,206,216,0.7175,0.885,0.9245,0.9505,0.003308778628706932,4.258006811141968e-06,10,1.360523156542099,0.41356967399696715,0.3174173494478133,165.57177734375,6701192,0.0071328431367874146,0.2588529673760797,torch,cuda,float64,task_3,cuda,0.010240906849503517
22,216,226,0.873,0.9755,0.9925,0.9975,0.0027808062732219696,4.24310564994812e-06,10,2.113396877860731,0.6424270352182171,0.5801840813534545,165.57177734375,6701192,0.007087361067533493,0.2911233521485879,torch,cuda,float64,task_3,cuda,0.010185588151216507
23,226,236,0.904,0.992,0.997,1.0,0.0027182400226593018,4.120171070098877e-06,10,2.1417337941009214,0.6510408461299846,0.5679202766775758,165.57177734375,6701192,0.007080843672156334,0.2573815473034095,torch,cuda,float64,task_3,cuda,0.010190024971961975
24,236,246,0.736,0.907,0.945,0.9605,0.0027184411883354187,4.2263418436050415e-06,10,1.336284196546785,0.40620155333317365,0.31558567020707984,165.57177734375,6701192,0.007086621597409248,0.2307467265368807,torch,cuda,float64,task_3,cuda,0.010158291086554527
25,246,256,0.9325,0.9995,1.0,1.0,0.0026331208646297455,4.127621650695801e-06,10,2.237609113744291,0.6801848739244404,0.6015025698386389,165.57177734375,6701192,0.007095484063029289,0.2510290388951511,torch,cuda,float64,task_3,cuda,0.010200362652540207
26,256,266,0.7055,0.9255,0.953,0.9625,0.002655643969774246,4.108995199203491e-06,10,1.739259273181971,0.5286972787984386,0.5605711301013785,165.57177734375,6701192,0.007116612046957016,0.32407289693502345,torch,cuda,float64,task_3,cuda,0.01018039882183075
27,266,276,0.816,0.953,0.974,0.9865,0.0026404280215501785,4.0065497159957886e-06,10,1.7184699989024583,0.52237778813408,0.374292903400488,165.57177734375,6701192,0.0070809125900268555,0.21312967839998476,torch,cuda,float64,task_3,cuda,0.010166173800826073
28,276,286,0.9825,1.0,1.0,1.0,0.002566378563642502,4.069879651069641e-06,10,2.2390297094769895,0.6806167043649797,0.5725621564889751,165.57177734375,6701192,0.00708133727312088,0.188760618339783,torch,cuda,float64,task_3,cuda,0.010184071958065033
29,286,296,0.807,0.938,0.9635,0.976,0.0025878753513097763,4.023313522338867e-06,10,1.3415288782378083,0.4077958233658038,0.17014358305291277,165.57177734375,6701192,0.007094766944646835,0.19741366142587702,torch,cuda,float64,task_3,cuda,0.010200181975960732
30,296,306,0.9925,1.0,1.0,1.0,0.0025605596601963043,3.939494490623474e-06,10,2.135103830003234,0.6490254801457255,0.5070537924571613,165.57177734375,6701192,0.00710514560341835,0.13611824028136227,torch,cuda,float64,task_3,cuda,0.010183077305555344
31,306,316,0.9565,0.9925,0.998,1.0,0.0031546037644147873,4.736706614494324e-06,10,2.1209712252318575,0.6447294733339918,0.548877725864003,165.57177734375,6701192,0.007107334211468697,0.24701498288851703,torch,cuda,float64,task_3,cuda,0.010188277810811996
32,316,326,0.9005,0.979,0.9895,0.9935,0.0030596982687711716,4.423782229423523e-06,10,1.3539289230431424,0.4115651693435111,0.035589981205904876,165.57177734375,6701192,0.007100269198417664,0.12010673918128043,torch,cuda,float64,task_3,cuda,0.010218143463134766
33,326,336,0.9875,1.0,1.0,1.0,0.0026522036641836166,5.23589551448822e-06,10,2.241548905135314,0.6813824854706803,0.5590770870164303,165.57177734375,6701192,0.0069227516651153564,0.14925726038653492,torch,cuda,float64,task_3,cuda,0.010178878903388977
34,336,346,0.923,0.979,0.9855,0.989,0.0027739908546209335,4.088506102561951e-06,10,1.676981734965036,0.5097662513816228,0.29432321392560773,165.57177734375,6701192,0.006658464670181274,0.1499217853618218,torch,cuda,float64,task_3,cuda,0.00952908955514431
35,346,356,0.957,0.993,0.9965,0.997,0.0029645971953868866,4.405155777931213e-06,10,1.7798065596338255,0.541022778705383,0.30465234790810775,165.57177734375,6701192,0.006652563810348511,0.14917371859141407,torch,cuda,float64,task_3,cuda,0.00951542891561985
36,356,366,0.888,0.986,0.9965,1.0,0.003200499340891838,4.688277840614319e-06,10,2.2344391834354007,0.6792212835304531,0.618576094085372,165.57177734375,6701192,0.006776874884963036,0.28389388909827856,torch,cuda,float64,task_3,cuda,0.009536944329738617
37,366,372,0.9066666666666666,0.9666666666666667,0.9825,0.9916666666666667,0.0030532106757164,5.705282092094421e-06,6,1.503153697838625,0.45692628000721563,0.17175640358430577,165.57177734375,6701192,0.005815425887703896,0.1352110934226765,torch,cuda,float64,task_3,cuda,0.009358732029795647
38,372,382,0.762,0.908,0.9375,0.9515,0.013687048107385635,2.5465839877724648,10,1.6769382247333964,0.509753025210331,0.540770143170525,165.57177734375,6701192,0.007391376420855522,0.23658760852169597,torch,cuda,float64,task_4,cuda,0.010687462985515594
39,382,392,0.982,1.0,1.0,1.0,0.006505442783236504,5.202367901802063e-06,10,2.2415527707602076,0.6813836605372119,0.5700280087255244,165.57177734375,6701192,0.007266974076628685,0.17977394617752127,torch,cuda,float64,task_4,cuda,0.010295815765857697
40,392,402,0.845,0.961,0.9845,0.992,0.0032265689224004745,5.077570676803589e-06,10,1.3539373569136244,0.4115677330581007,0.07851377144166542,165.57177734375,6701192,0.007204350084066391,0.17430586879162766,torch,cuda,float64,task_4,cuda,0.010311806574463844
41,402,412,0.919,0.994,1.0,1.0,0.0030584093183279037,4.26173210144043e-06,10,2.1209545397389067,0.644724401304275,0.5491776111738063,165.57177734375,6701192,0.00722288154065609,0.2349649268456796,torch,cuda,float64,task_4,cuda,0.010256147012114525
42,412,422,0.965,0.9995,1.0,1.0,0.0035254769027233124,4.53554093837738e-06,10,2.1351184817651556,0.6490299339651051,0.5426222606253132,165.57177734375,6701192,0.0071442704647779465,0.22075834535498248,torch,cuda,float64,task_4,cuda,0.01021922379732132
43,422,432,0.6905,0.8835,0.928,0.9555,0.003478366881608963,4.380941390991211e-06,10,1.341521441813515,0.40779356285332663,0.34384993161244004,165.57177734375,6701192,0.007163850590586662,0.26456490683008155,torch,cuda,float64,task_4,cuda,0.01023864559829235
44,432,442,0.8855,0.9805,0.9925,0.9965,0.0029310770332813263,4.33996319770813e-06,10,2.2390264071278616,0.6806157005221231,0.6374455307222497,165.57177734375,6701192,0.007328366860747337,0.3071754703196003,torch,cuda,float64,task_4,cuda,0.010224360972642899
45,442,452,0.809,0.9145,0.947,0.958,0.0064438506960868835,5.289912223815918e-06,10,1.7185075905992644,0.5223892151985282,0.558750326050063,165.57177734375,6701192,0.006712019443511963,0.26656374765873714,torch,cuda,float64,task_4,cuda,0.009726479649543762
46,452,462,0.8425,0.9385,0.96,0.973,0.0032979100942611694,4.349276423454285e-06,10,1.7392185335102457,0.5286848948175609,0.4202014880557236,165.57177734375,6701192,0.006686529144644737,0.21250774930070765,torch,cuda,float64,task_4,cuda,0.009552346542477608
47,462,472,0.9385,0.9965,1.0,1.0,0.0028588436543941498,4.392117261886597e-06,10,2.2376108662534544,0.6801854066493997,0.5950920718559982,165.57177734375,6701192,0.006698368117213249,0.2393367954059673,torch,cuda,float64,task_4,cuda,0.009556785225868225
48,472,482,0.715,0.9,0.9455,0.97,0.002703765407204628,4.20399010181427e-06,10,1.3362822981701117,0.40620097626763957,0.3021522530332132,165.57177734375,6701192,0.006674621254205704,0.2453232926986449,torch,cuda,float64,task_4,cuda,0.009559232741594315
49,482,492,0.9075,0.9905,0.9985,1.0,0.0025813616812229156,4.2673200368881226e-06,10,2.1417125440854656,0.6510343865839475,0.5695230011320999,165.57177734375,6701192,0.006689697504043579,0.2640545884737592,torch,cuda,float64,task_4,cuda,0.00954594835639
50,492,502,0.909,0.987,0.9955,0.9975,0.0025516077876091003,4.5318156480789185e-06,10,2.113407081810123,0.6424301369985898,0.5649031093997868,165.57177734375,6701192,0.00666055828332901,0.2767329379194536,torch,cuda,float64,task_4,cuda,0.009531110525131226
51,502,512,0.814,0.9365,0.964,0.9775,0.0025001652538776398,4.198402166366577e-06,10,1.36049124297726,0.41355997296207997,0.1580500064026406,165.57177734375,6701192,0.0066839102655649185,0.17388368532889265,torch,cuda,float64,task_4,cuda,0.009553741663694382
52,512,522,0.9125,0.994,1.0,1.0,0.002536548301577568,4.423782229423523e-06,10,2.24265999860823,0.6817202339045559,0.6132559964827529,165.57177734375,6701192,0.006691891700029373,0.2664729620353439,torch,cuda,float64,task_4,cuda,0.009556621313095093
53,522,532,0.778,0.913,0.936,0.9455,0.0025575999170541763,4.28222119808197e-06,10,1.6568042654616166,0.503632736163975,0.6525382929526645,165.57177734375,6701192,0.006673581898212433,0.2569472753897565,torch,cuda,float64,task_4,cuda,0.009548360481858253
54,532,542,0.8565,0.9725,0.9885,0.9945,0.0026750992983579636,4.455447196960449e-06,10,1.799454623090481,0.5469953659115376,0.39155519830044966,165.57177734375,6701192,0.007327636703848839,0.21269917321777393,torch,cuda,float64,task_4,cuda,0.01015261560678482
55,542,552,0.8585,1.0,1.0,1.0,0.0028019100427627563,4.420056939125061e-06,10,2.232681902245242,0.6786871079778797,0.6356069324947693,165.57177734375,6701192,0.006694640964269638,0.31045970823020164,torch,cuda,float64,task_4,cuda,0.009554849937558174
56,552,558,0.7866666666666666,0.9175,0.9575,0.9708333333333333,0.003401700407266617,4.10713255405426e-06,6,1.472551523240086,0.44762387944794635,0.30602058870332427,165.57177734375,6701192,0.005721433088183403,0.205856692177217,torch,cuda,float64,task_4,cuda,0.009011806920170784
57,558,568,0.8445,0.9545,0.9765,0.9835,0.00908009335398674,2.5598731208592653,10,1.697623343794026,0.5160408549362401,0.3469960284468926,165.57177734375,6701192,0.007438143715262413,0.20289776434831153,torch,cuda,float64,task_5,cuda,0.010914772748947144
58,568,578,0.7695,0.941,0.987,0.9995,0.0067453086376190186,6.0461461544036865e-06,10,2.2403426515942955,0.6810158104300401,0.7248294879259963,165.57177734375,6701192,0.007235461845993996,0.4194719306646432,torch,cuda,float64,task_5,cuda,0.010314200073480606
59,578,588,0.7165,0.8955,0.947,0.9725,0.003498876467347145,4.9658119678497314e-06,10,1.3475284872646842,0.4096195750141481,0.22461522380214605,165.57177734375,6701192,0.007184138521552086,0.23836780878536296,torch,cuda,float64,task_5,cuda,0.010325994342565536
60,588,598,0.895,0.999,1.0,1.0,0.0028906837105751038,4.559755325317383e-06,10,2.1281899156491635,0.6469237994123205,0.5645566128380024,165.57177734375,6701192,0.0071734655648469925,0.2620233649134784,torch,cuda,float64,task_5,cuda,0.010254239663481712
61,598,608,0.957,1.0,1.0,1.0,0.005101682618260384,4.3567270040512085e-06,10,2.1282040846765304,0.646928106490815,0.5306658868519982,165.57177734375,6701192,0.007175140082836151,0.20770630902892415,torch,cuda,float64,task_5,cuda,0.010256301611661911
62,608,618,0.779,0.927,0.956,0.973,0.0027155671268701553,4.583969712257385e-06,10,1.3475178311997988,0.4096163358004239,0.21755275079765632,165.57177734375,6701192,0.007174257189035416,0.20632011452485494,torch,cuda,float64,task_5,cuda,0.010263802483677864
63,618,628,0.636,0.895,0.9855,1.0,0.0025308802723884583,4.680827260017395e-06,10,2.240338001935198,0.681014397034033,0.8108782659782621,165.57177734375,6701192,0.007177891209721565,0.5039913167153965,torch,cuda,float64,task_5,cuda,0.010299313813447952
64,628,638,0.7195,0.9,0.923,0.941,0.0024584010243415833,4.600733518600464e-06,10,1.697664221156379,0.5160532807720966,0.8002808283541879,165.57177734375,6701192,0.007177270948886871,0.3416456399023601,torch,cuda,float64,task_5,cuda,0.010264182463288307
65,638,648,0.7315,0.939,0.966,0.976,0.0024381037801504135,4.000961780548096e-06,10,1.7597020753730923,0.5349114494261952,0.4895518763451997,165.57177734375,6701192,0.007163135334849358,0.3085982782169098,torch,cuda,float64,task_5,cuda,0.01025645062327385
66,648,658,0.934,0.995,1.0,1.0,0.0024496987462043762,4.3567270040512085e-06,10,2.236080351416706,0.679720163173728,0.5995101385429582,165.57177734375,6701192,0.00669754296541214,0.24954798130456385,torch,cuda,float64,task_5,cuda,0.01021684892475605
67,658,668,0.797,0.928,0.96,0.9715,0.0024717412889003754,4.129484295845032e-06,10,1.3319873349628442,0.4048954001553057,0.17469760946327037,165.57177734375,6701192,0.006715971976518631,0.19609498139561576,torch,cuda,float64,task_5,cuda,0.00956815667450428
68,668,678,0.9455,0.9925,0.9995,1.0,0.0024854298681020737,4.004687070846558e-06,10,2.1480267361285823,0.6529537646792553,0.5507375235183478,165.57177734375,6701192,0.0066942740231752396,0.21815018422490062,torch,cuda,float64,task_5,cuda,0.00957903079688549
69,678,688,0.9685,0.9995,1.0,1.0,0.002713879570364952,4.472211003303528e-06,10,2.105500867042453,0.6400268183573066,0.5056357908213167,165.57177734375,6701192,0.007474776357412338,0.17165888787642325,torch,cuda,float64,task_5,cuda,0.009894099086523056
70,688,698,0.7175,0.904,0.9475,0.9685,0.0040720384567976,5.576759576797485e-06,10,1.3670762920358046,0.41556168574388813,0.2540789530368645,165.57177734375,6701192,0.006949931383132935,0.22347092583252745,torch,cuda,float64,task_5,cuda,0.010007509961724281
71,698,708,0.89,0.9875,0.9935,0.998,0.004544578492641449,6.012618541717529e-06,10,2.243671029777181,0.6820275655577759,0.6439136189228327,165.57177734375,6701192,0.00677863135933876,0.31558426228000597,torch,cuda,float64,task_5,cuda,0.009650195017457008
72,708,718,0.67,0.85,0.894,0.9095,0.0037667453289031982,5.280598998069763e-06,10,1.6375280330036674,0.4977731775558102,1.3224737963285345,165.57177734375,6701192,0.006730083376169205,0.3492998459739239,torch,cuda,float64,task_5,cuda,0.009700724855065346
73,718,728,0.758,0.9155,0.953,0.967,0.002924971282482147,4.509463906288147e-06,10,1.818593399900925,0.5528131409697096,0.5861252818526057,165.57177734375,6701192,0.006703238934278488,0.33685264964543943,torch,cuda,float64,task_5,cuda,0.009621378034353256
74,728,738,0.9135,0.996,0.999,1.0,0.002842143177986145,4.4833868741989136e-06,10,2.2308041952572832,0.6781163255820508,0.6080607263371821,165.57177734375,6701192,0.006711971014738083,0.26865435331665627,torch,cuda,float64,task_5,cuda,0.009619258344173431
75,738,744,0.6333333333333333,0.88,0.925,0.9441666666666667,0.0018280111253261566,4.667788743972778e-06,6,1.4414626464766538,0.4381735319355505,0.5226101952372733,165.57177734375,6701192,0.005750739946961403,0.30495096025756074,torch,cuda,float64,task_5,cuda,0.009033279493451118
76,744,754,0.7945,0.9285,0.957,0.978,0.006716707721352577,2.625893486663699,10,1.7184666149868035,0.5223767594967594,0.43812379378953886,165.57177734375,6701192,0.007834028452634811,0.24124613623035487,torch,cuda,float64,task_6,cuda,0.010799366980791092
77,754,764,0.7185,0.9855,1.0,1.0,0.008216919377446175,5.239620804786682e-06,10,2.2390303966202207,0.6806169132416907,0.7069044263047339,165.57177734375,6701192,0.007254395633935928,0.40067728319388707,torch,cuda,float64,task_6,cuda,0.010403523221611977
78,764,774,0.6535,0.8675,0.9205,0.947,0.003761332482099533,4.7031790018081665e-06,10,1.3415286841698357,0.4077957643733289,0.4171533323333896,165.57177734375,6701192,0.007185343652963638,0.2948245621437596,torch,cuda,float64,task_6,cuda,0.010319335386157036
79,774,784,0.797,0.9735,0.99,0.995,0.0025957822799682617,4.375353455543518e-06,10,2.135104368231519,0.649025643755507,0.6383745486944332,165.57177734375,6701192,0.007202550768852234,0.36494731767160665,torch,cuda,float64,task_6,cuda,0.01028268039226532
80,784,794,0.7395,0.923,0.962,0.9835,0.002725783735513687,4.3138861656188965e-06,10,2.120970309666877,0.6447291950219992,0.7110488506912136,165.57177734375,6701192,0.007168343290686607,0.44259124934203137,torch,cuda,float64,task_6,cuda,0.010280648246407509
81,794,804,0.607,0.8205,0.883,0.918,0.0024616122245788574,4.472211003303528e-06,10,1.353928184197036,0.41156494475024213,0.6397357603241334,165.57177734375,6701192,0.007252447307109833,0.32062514449557483,torch,cuda,float64,task_6,cuda,0.01032065600156784
82,804,814,0.7375,0.9635,0.9905,0.999,0.0025471504777669907,4.449859261512756e-06,10,2.241548296459527,0.6813823004463786,0.7207315718046402,165.57177734375,6701192,0.007256153970956802,0.41464828134798537,torch,cuda,float64,task_6,cuda,0.010348999872803688
83,814,824,0.5465,0.749,0.8275,0.877,0.002420322969555855,4.3977051973342896e-06,10,1.6769807274915292,0.5097659451314219,1.8046129463484681,165.57177734375,6701192,0.007263682782649994,0.5349391165318707,torch,cuda,float64,task_6,cuda,0.010349979624152184
84,824,834,0.753,0.909,0.9425,0.961,0.0026004593819379807,4.088506102561951e-06,10,1.7798058978293139,0.5410225775310957,0.5807470896968588,165.57177734375,6701192,0.006990838795900345,0.30398119239275345,torch,cuda,float64,task_6,cuda,0.010142544284462929
85,834,844,0.603,0.8465,0.947,0.9835,0.005084311589598656,6.068497896194458e-06,10,2.234438408470423,0.6792210479578271,0.883391935687454,165.57177734375,6701192,0.006830494850873947,0.5717422748954573,torch,cuda,float64,task_6,cuda,0.009729277342557907
86,844,854,0.675,0.8715,0.915,0.9395,0.0026075374335050583,4.393979907035828e-06,10,1.3284284641399053,0.40381358023995706,0.3922397133207361,165.57177734375,6701192,0.006806548684835434,0.2668590571142356,torch,cuda,float64,task_6,cuda,0.009687427431344986
87,854,864,0.863,0.9955,1.0,1.0,0.002465479075908661,4.332512617111206e-06,10,2.154055790475674,0.6547864670693961,0.592943615968165,165.57177734375,6701192,0.006840122863650322,0.29007264795014914,torch,cuda,float64,task_6,cuda,0.009679988026618958
88,864,874,0.9105,0.9925,0.9965,0.9985,0.0025172848254442215,4.122033715248108e-06,10,2.0972418950291467,0.6375162691272777,0.5508701336850301,165.57177734375,6701192,0.006839519366621971,0.25880416847260057,torch,cuda,float64,task_6,cuda,0.011333340778946877
89,874,884,0.727,0.913,0.9445,0.9615,0.004219291731715202,3.851950168609619e-06,10,1.3736952895911754,0.4175737181359856,0.30829375659034536,165.57177734375,6701192,0.0068246424198150635,0.24548932290656567,torch,cuda,float64,task_6,cuda,0.009704696014523506
90,884,894,0.692,0.8875,0.955,0.9935,0.004307715222239494,3.889203071594238e-06,10,2.2445877690145526,0.6823062344989964,0.8086722744224549,165.57177734375,6701192,0.006831983104348183,0.5012164955506416,torch,cuda,float64,task_6,cuda,0.00971798412501812
91,894,904,0.731,0.881,0.91,0.929,0.004379641264677048,4.056841135025024e-06,10,1.6193945107272623,0.492260978178528,0.7554129232126211,165.57177734375,6701192,0.0068307723850011826,0.27782866695557046,torch,cuda,float64,task_6,cuda,0.00971926562488079
92,904,914,0.8095,0.9705,0.9955,1.0,0.004645189270377159,4.163011908531189e-06,10,1.8371918564534695,0.5584666703317764,0.43414504039538576,165.57177734375,6701192,0.006836775690317154,0.24509267829986298,torch,cuda,float64,task_6,cuda,0.00970238447189331
93,914,924,0.8205,0.9925,0.9985,1.0,0.004651304334402084,4.390254616737366e-06,10,2.2288030109608368,0.6775080087495812,0.6557179473832379,165.57177734375,6701192,0.007516484707593918,0.34234474175971735,torch,cuda,float64,task_6,cuda,0.010381272062659264
94,924,930,0.6808333333333333,0.8358333333333333,0.8875,0.9041666666666667,0.003273243084549904,4.414469003677368e-06,6,1.410087140262272,0.42863605525668874,0.7871323894751773,165.57177734375,6701192,0.005859052762389183,0.31839153249375207,torch,cuda,float64,task_6,cuda,0.009145138785243034
95,930,940,0.7045,0.879,0.926,0.9515,0.00658758170902729,2.550884312018752,10,1.739216665532836,0.5286843269927469,0.6356915828610522,165.57177734375,6701192,0.00752551294863224,0.34356279998202366,torch,cuda,float64,task_7,cuda,0.010854380205273628
96,940,950,0.7285,0.905,0.959,0.9865,0.006358183920383453,5.202367901802063e-06,10,2.237609694389626,0.6801850504280896,0.7838081119420581,165.57177734375,6701192,0.007384279742836952,0.4825048422771753,torch,cuda,float64,task_7,cuda,0.010403409600257874
97,950,960,0.574,0.8055,0.8555,0.8865,0.005643803626298904,4.202127456665039e-06,10,1.3362802727907446,0.406200360596028,0.9865431886237166,165.57177734375,6701192,0.007340224459767342,0.34978372235167293,torch,cuda,float64,task_7,cuda,0.01157822459936142
98,960,970,0.7965,0.9705,0.988,0.9955,0.004447724670171738,4.863366484642029e-06,10,2.1417121524221767,0.6510342675267613,0.6444656807631507,165.57177734375,6701192,0.007309911772608757,0.35781936543144,torch,cuda,float64,task_7,cuda,0.010390102863311768
99,970,980,0.866,0.9965,0.999,1.0,0.00763658806681633,4.105269908905029e-06,10,2.113406058059344,0.6424298258004496,0.574108828281569,165.57177734375,6701192,0.007307207211852074,0.28827253639237627,torch,cuda,float64,task_7,cuda,0.010435447096824646
100,980,990,0.6465,0.832,0.883,0.9135,0.004936423152685165,4.244968295097351e-06,10,1.3604896379891156,0.41355948508032625,0.5248788751316383,165.57177734375,6701192,0.007301783189177513,0.2950552272196752,torch,cuda,float64,task_7,cuda,0.010488688945770264
101,990,1000,0.8895,0.9925,0.9995,1.0,0.003717692568898201,4.237517714500427e-06,10,2.242658441147484,0.6817197604701055,0.6231132654551195,165.57177734375,6701192,0.007348285987973213,0.28405020539750014,torch,cuda,float64,task_7,cuda,0.010403847321867943
102,1000,1010,0.776,0.9135,0.9415,0.9605,0.006622526794672012,4.168599843978882e-06,10,1.6568027459561054,0.5036322742670967,0.4948934333393432,165.57177734375,6701192,0.007387667894363403,0.27535098885574016,torch,cuda,float64,task_7,cuda,0.010381883010268211
103,1010,1020,0.9145,0.9855,0.9965,0.999,0.0027145911008119583,4.403293132781982e-06,10,1.7994536703818884,0.546995076308689,0.3476678777626297,165.57177734375,6701192,0.007323704659938812,0.17798160808958136,torch,cuda,float64,task_7,cuda,0.010388923808932304
104,1020,1030,0.7915,0.9235,0.955,0.968,0.0025300048291683197,4.176050424575806e-06,10,2.2326824164040024,0.6786872642710455,0.7895838643456234,165.57177734375,6701192,0.006871320307254791,0.4854025605966108,torch,cuda,float64,task_7,cuda,0.010409768670797348
105,1030,1040,0.553,0.797,0.8575,0.9065,0.006208905950188637,4.447996616363525e-06,10,1.325256504447925,0.40284937295731293,0.7373406370221821,165.57177734375,6701192,0.006844190880656242,0.39364195589647705,torch,cuda,float64,task_7,cuda,0.009759955108165741
106,1040,1050,0.915,0.995,0.9995,1.0,0.003732500597834587,4.408881068229675e-06,10,2.159810343957545,0.6565357271213486,0.5718596930508755,165.57177734375,6701192,0.006850000470876694,0.24568937141605826,torch,cuda,float64,task_7,cuda,0.009695518761873245
107,1050,1060,0.794,0.9485,0.993,0.9985,0.007005548104643822,4.000961780548096e-06,10,2.0886137131376303,0.6348934880633152,0.6255489807745229,165.57177734375,6701192,0.006887063384056091,0.3627796737284099,torch,cuda,float64,task_7,cuda,0.009726611897349358
108,1060,1070,0.677,0.8545,0.9015,0.934,0.0030597373843193054,4.852190613746643e-06,10,1.3804937659948087,0.4196403082240755,0.4770804294857011,165.57177734375,6701192,0.006847338750958443,0.26376282760728925,torch,cuda,float64,task_7,cuda,0.009701564908027649
109,1070,1080,0.619,0.9165,0.9845,0.998,0.0027403198182582855,4.187226295471191e-06,10,2.245411258393883,0.682556557496082,0.8088990197909744,165.57177734375,6701192,0.0068447403609752655,0.5036942652649969,torch,cuda,float64,task_7,cuda,0.009713087230920792
110,1080,1090,0.649,0.833,0.891,0.921,0.005707023665308952,4.434958100318909e-06,10,1.6022182552588702,0.48703976724919246,0.9719418725768455,165.57177734375,6701192,0.0071097612380981445,0.3947805526902217,torch,cuda,float64,task_7,cuda,0.009808586910367012
111,1090,1100,0.7835,0.9725,0.9885,0.9935,0.006185827776789665,1.0045245289802551e-05,10,1.8552309140341998,0.5639501544805038,0.47345805147542197,165.57177734375,6701192,0.006997864693403244,0.2988316948959831,torch,cuda,float64,task_7,cuda,0.009879818186163902
112,1100,1110,0.553,0.8015,0.8805,0.9445,0.008921723812818527,5.321577191352844e-06,10,2.22667117351454,0.6768599761795804,0.9975104853234389,165.57177734375,6701192,0.007384404540061951,0.6590705109925975,torch,cuda,float64,task_7,cuda,0.009749652817845345
113,1110,1116,0.6316666666666667,0.785,0.8241666666666667,0.86,0.002305576577782631,5.140900611877441e-06,6,1.3787155261661435,0.41909976169776825,1.5901823625616551,165.57177734375,6701192,0.005852643400430679,0.35442963012368556,torch,cuda,float64,task_7,cuda,0.009164519608020782
114,1116,1126,0.6345,0.8885,0.941,0.959,0.004597892984747887,2.5706640370190144,10,1.759701088086954,0.5349111493125188,0.628213974798473,165.57177734375,6701192,0.00755239836871624,0.347862290072745,torch,cuda,float64,task_8,cuda,0.010884243994951248
115,1126,1136,0.66,0.905,0.965,0.9925,0.004247771576046944,5.362555384635925e-06,10,2.236079835156753,0.6797200062418453,0.8095314684405663,165.57177734375,6701192,0.007388578727841377,0.5062575213926721,torch,cuda,float64,task_8,cuda,0.010567247867584229
116,1136,1146,0.643,0.826,0.8855,0.912,0.00319061242043972,4.580244421958923e-06,10,1.3319843142705563,0.40489448193004884,0.8811069925523128,165.57177734375,6701192,0.0073103755712509155,0.2898469880299792,torch,cuda,float64,task_8,cuda,0.010433487594127655
117,1146,1156,0.7825,0.9445,0.972,0.9865,0.003867935389280319,4.462897777557373e-06,10,2.1480255772389176,0.6529534124018108,0.6831253233816879,165.57177734375,6701192,0.0073123350739479065,0.39257811591994946,torch,cuda,float64,task_8,cuda,0.010537726804614067
118,1156,1166,0.764,0.9485,0.9815,0.993,0.0026485100388526917,4.781410098075867e-06,10,2.105500701645233,0.6400267680801215,0.6615951697869685,165.57177734375,6701192,0.007301598787307739,0.38847660191739103,torch,cuda,float64,task_8,cuda,0.010409995913505554
119,1166,1176,0.4715,0.745,0.8315,0.8835,0.002653956413269043,4.395842552185059e-06,10,1.3670746432119871,0.41556118453703594,0.7768365173387588,165.57177734375,6701192,0.0073050688952207565,0.418054222352773,torch,cuda,float64,task_8,cuda,0.01040649227797985
120,1176,1186,0.6885,0.9345,0.984,0.9955,0.002603380009531975,4.198402166366577e-06,10,2.243670556772101,0.6820274217744408,0.7722496601093131,165.57177734375,6701192,0.007318394258618355,0.4665663932349762,torch,cuda,float64,task_8,cuda,0.010390875861048698
121,1186,1196,0.6315,0.8465,0.889,0.9125,0.0026467572897672653,4.14624810218811e-06,10,1.637527871968895,0.4977731286047153,1.5807883916228354,165.57177734375,6701192,0.007294990122318268,0.36200401191005216,torch,cuda,float64,task_8,cuda,0.010400766506791115
122,1196,1206,0.6885,0.8785,0.943,0.971,0.002593446522951126,4.325062036514282e-06,10,1.8185928079607152,0.5528129610326623,0.6114911802569793,165.57177734375,6701192,0.007319396361708641,0.34223606920556693,torch,cuda,float64,task_8,cuda,0.010423516854643822
123,1206,1216,0.726,0.965,0.9965,1.0,0.002590833231806755,4.0940940380096436e-06,10,2.230802934216374,0.6781159422528327,0.7163979521736686,165.57177734375,6701192,0.007332742214202881,0.41379428791857453,torch,cuda,float64,task_8,cuda,0.010427044704556465
124,1216,1226,0.684,0.8885,0.927,0.9525,0.003181230276823044,4.600733518600464e-06,10,1.3221888339575343,0.4019168673409694,0.31036800891790234,165.57177734375,6701192,0.00689409114420414,0.23971670088934854,torch,cuda,float64,task_8,cuda,0.010066455230116844
125,1226,1236,0.953,0.9945,0.998,0.9985,0.0040731970220804214,9.195879101753235e-06,10,2.165302468632993,0.6582052144804235,0.5565271218449045,165.57177734375,6701192,0.006853086873888969,0.22214715198460488,torch,cuda,float64,task_8,cuda,0.009707160294055939
126,1236,1246,0.5055,0.7565,0.856,0.9185,0.0027492884546518326,4.6193599700927734e-06,10,2.079607098498241,0.6321556716121083,1.088557147382304,165.57177734375,6701192,0.006853438913822174,0.6783879317483207,torch,cuda,float64,task_8,cuda,0.009693099185824394
127,1246,1256,0.5,0.6665,0.7405,0.7855,0.002564201131463051,4.936009645462036e-06,10,1.3877510490408413,0.421846365628552,2.2002372764596285,165.57177734375,6701192,0.0068948157131671906,0.43586517197879665,torch,cuda,float64,task_8,cuda,0.009723059833049774
128,1256,1266,0.7945,0.9775,0.999,1.0,0.0027604885399341583,4.2710453271865845e-06,10,2.246142534979117,0.6827788497940869,0.6806769594579616,165.57177734375,6701192,0.006858181208372116,0.3642060225039283,torch,cuda,float64,task_8,cuda,0.009718259796500206
129,1266,1276,0.425,0.6245,0.695,0.763,0.0025667380541563034,4.302710294723511e-06,10,1.5856619525222044,0.4820070085692147,3.30047024159404,165.57177734375,6701192,0.006837908178567886,0.7103616070204505,torch,cuda,float64,task_8,cuda,0.009725652635097504
130,1276,1286,0.795,0.913,0.9435,0.96,0.0025791600346565247,4.3120235204696655e-06,10,1.8726985519387849,0.5692599393812307,0.6271275092463713,165.57177734375,6701192,0.0068551842123270035,0.3089764732328841,torch,cuda,float64,task_8,cuda,0.009744502604007721
131,1286,1296,0.5985,0.888,0.971,0.9905,0.002506569027900696,4.349276423454285e-06,10,2.2244073547803174,0.6761718241467402,0.8388289762671688,165.57177734375,6701192,0.006845105439424515,0.5305824333311374,torch,cuda,float64,task_8,cuda,0.00971321202814579
132,1296,1302,0.5391666666666667,0.7325,0.7775,0.8183333333333334,0.0017609596252441406,4.155561327934265e-06,6,1.3477760731611985,0.4096948357827835,3.295557307753338,165.57177734375,6701192,0.005881758406758308,0.439167376250361,torch,cuda,float64,task_8,cuda,0.009140076115727425
133,1302,1312,0.5635,0.794,0.853,0.887,0.004730476066470146,2.5270998030900955,10,1.7798056401961904,0.5410224992161871,1.1111216871533502,165.57177734375,6701192,0.007667893543839455,0.4263176776441737,torch,cuda,float64,task_9,cuda,0.011034771800041199
134,1312,1322,0.7495,0.9765,0.997,1.0,0.006049776449799538,6.336718797683716e-06,10,2.2344384310298255,0.6792210548153985,0.6959027899428306,165.57177734375,6701192,0.007405942305922508,0.3884520255084115,torch,cuda,float64,task_9,cuda,0.010326554998755455
135,1322,1332,0.785,0.923,0.948,0.9705,0.003932692110538483,4.893168807029724e-06,10,1.3284268608775132,0.40381309288279477,0.1989006948553078,165.57177734375,6701192,0.007342474535107613,0.19597446027754675,torch,cuda,float64,task_9,cuda,0.010629776865243912
136,1332,1342,0.9375,0.9955,0.999,1.0,0.0029482170939445496,4.474073648452759e-06,10,2.15405504242567,0.6547862396783409,0.5621071302996817,165.57177734375,6701192,0.007315546274185181,0.24162774231253029,torch,cuda,float64,task_9,cuda,0.010396447032690048
137,1342,1352,0.8135,0.956,0.9875,0.997,0.002959582954645157,4.392117261886597e-06,10,2.097241174663519,0.637516050151675,0.6172203224251263,165.57177734375,6701192,0.00729655846953392,0.35840395646786405,torch,cuda,float64,task_9,cuda,0.01047477126121521
138,1352,1362,0.761,0.932,0.958,0.9725,0.0025109481066465378,4.166737198829651e-06,10,1.3736941719789482,0.41757337840599107,0.20848878031103182,165.57177734375,6701192,0.007328707724809647,0.22246620213868368,torch,cuda,float64,task_9,cuda,0.010441996157169342
139,1362,1372,0.711,0.948,0.9895,0.9955,0.002794187515974045,4.546716809272766e-06,10,2.2445877369791387,0.6823062247609222,0.7440276880109782,165.57177734375,6701192,0.007308688014745712,0.43840511784438035,torch,cuda,float64,task_9,cuda,0.010454636067152023
140,1372,1382,0.655,0.8665,0.9085,0.9295,0.002475261688232422,4.08664345741272e-06,10,1.6193956631807769,0.49226132849952176,0.9039342797066797,165.57177734375,6701192,0.007313534617424011,0.3474095359587694,torch,cuda,float64,task_9,cuda,0.010402513667941093
141,1382,1392,0.6325,0.9225,0.976,0.992,0.0027170423418283463,4.192814230918884e-06,10,1.8371925679021854,0.5584668865968301,0.569222473823003,165.57177734375,6701192,0.007304314523935318,0.3872691600048181,torch,cuda,float64,task_9,cuda,0.010434402152895927
142,1392,1402,0.821,0.974,0.993,1.0,0.0036098193377256393,4.123896360397339e-06,10,2.228801237535008,0.6775074696664072,0.6628866125611105,165.57177734375,6701192,0.007334878668189049,0.35195681775019594,torch,cuda,float64,task_9,cuda,0.010414555668830872
143,1402,1412,0.7605,0.9505,0.9755,0.986,0.002684740349650383,4.159286618232727e-06,10,1.3190902420112223,0.40097496226943574,0.12406032146457636,165.57177734375,6701192,0.007320135831832886,0.2176706564045885,torch,cuda,float64,task_9,cuda,0.010394260287284851
144,1412,1422,0.9305,0.9985,1.0,1.0,0.0024932604283094406,4.217028617858887e-06,10,2.1705401242478755,0.6597973487375582,0.5649049883183284,165.57177734375,6701192,0.007316913455724716,0.22599706084690674,torch,cuda,float64,task_9,cuda,0.010408170521259308
145,1422,1432,0.979,1.0,1.0,1.0,0.002669036388397217,3.98978590965271e-06,10,2.0702059191467717,0.6292979160047317,0.4916824861739586,165.57177734375,6701192,0.007321503013372421,0.18117034044582228,torch,cuda,float64,task_9,cuda,0.010415324941277504
146,1432,1442,0.771,0.915,0.949,0.967,0.002484256401658058,4.306435585021973e-06,10,1.3958256803342401,0.4243008792585472,0.24342075890423787,165.57177734375,6701192,0.007325103506445885,0.20484873007018414,torch,cuda,float64,task_9,cuda,0.010401573032140732
147,1442,1452,0.9415,1.0,1.0,1.0,0.0024552568793296814,4.043802618980408e-06,10,2.2467840156959817,0.682973846086266,0.6015458817481784,165.57177734375,6701192,0.006854109466075897,0.24362538634097086,torch,cuda,float64,task_9,cuda,0.009722566232085228
148,1452,1462,0.7235,0.902,0.9375,0.953,0.0024559851735830307,4.168599843978882e-06,10,1.5694617862039482,0.47708250767356924,0.5093223478794262,165.57177734375,6701192,0.0068514905869960785,0.28376465234522713,torch,cuda,float64,task_9,cuda,0.00972786359488964
149,1462,1472,0.8465,0.9635,0.978,0.986,0.0024430546909570694,4.157423973083496e-06,10,1.889592792126518,0.5743954237522761,0.4959776217020107,165.57177734375,6701192,0.006840644404292107,0.27228600119793095,torch,cuda,float64,task_9,cuda,0.009770041331648827
150,1472,1482,0.6665,0.977,0.998,1.0,0.0024263672530651093,4.092231392860413e-06,10,2.222006792312516,0.6754421049703749,0.7238323189669846,165.57177734375,6701192,0.006848219782114029,0.42350353385065026,torch,cuda,float64,task_9,cuda,0.009745433926582336
151,1482,1488,0.5316666666666666,0.76,0.8258333333333333,0.8616666666666667,0.0017300993204116821,4.151836037635803e-06,6,1.3178547042496127,0.400599385457808,1.8987028271374562,165.57177734375,6701192,0.005857283249497414,0.35045186273286805,torch,cuda,float64,task_9,cuda,0.00914701260626316
152,1488,1498,0.841,0.93,0.945,0.955,0.00670565664768219,2.5212170723825693,10,1.799452922881988,0.5469948490848532,0.6029668190774625,165.57177734375,6701192,0.007549449801445007,0.24855577413756852,torch,cuda,float64,task_10,cuda,0.010865965858101845
153,1498,1508,0.8715,0.9845,0.989,0.9935,0.0038928166031837463,5.081295967102051e-06,10,2.232681017290643,0.6786868389707825,0.6422553816712516,165.57177734375,6701192,0.007425593212246895,0.31921040553704677,torch,cuda,float64,task_10,cuda,0.010679209604859352
154,1508,1518,0.62,0.859,0.9185,0.9445,0.0029994379729032516,4.563480615615845e-06,10,1.3252545354507443,0.4028487744246689,0.4027310807958609,165.57177734375,6701192,0.007349366322159767,0.317235017438451,torch,cuda,float64,task_10,cuda,0.010432727634906769
155,1518,1528,0.6845,0.934,0.9815,0.997,0.0032325666397809982,4.179775714874268e-06,10,2.159811185042021,0.6565359827928755,0.7295517087663247,165.57177734375,6701192,0.0073209498077631,0.4456342225309103,torch,cuda,float64,task_10,cuda,0.01051412895321846
156,1528,1538,0.7405,0.944,0.985,0.992,0.002600559964776039,3.9692968130111694e-06,10,2.0886139790215648,0.6348935688862923,0.6660695316275965,165.57177734375,6701192,0.007332824170589447,0.40390633192064856,torch,cuda,float64,task_10,cuda,0.010424364358186722
157,1538,1548,0.689,0.876,0.923,0.9465,0.002858087420463562,4.2673200368881226e-06,10,1.3804928834816874,0.41964003995913485,0.43197050821179733,165.57177734375,6701192,0.007314674556255341,0.2674271558415506,torch,cuda,float64,task_10,cuda,0.010432438924908638
158,1548,1558,0.7225,0.9805,0.9965,0.9995,0.0025219563394784927,4.172325134277344e-06,10,2.2454108471736673,0.6825564324940121,0.713425645587041,165.57177734375,6701192,0.007346142083406448,0.4035460898907032,torch,cuda,float64,task_10,cuda,0.010404244065284729
159,1558,1568,0.6405,0.833,0.884,0.909,0.0027605611830949783,3.820285201072693e-06,10,1.6022178545522643,0.48703964544303313,0.9886382432454525,165.57177734375,6701192,0.007330343127250671,0.38748583789780777,torch,cuda,float64,task_10,cuda,0.01042197085916996
160,1568,1578,0.745,0.9695,0.9915,0.995,0.002480939030647278,4.0512531995773315e-06,10,1.8552302892450325,0.5639499645580824,0.490786895890377,165.57177734375,6701192,0.006838612258434296,0.3053200311708943,torch,cuda,float64,task_10,cuda,0.010278534144163132
161,1578,1588,0.7785,0.9915,1.0,1.0,0.0027533508837223053,4.254281520843506e-06,10,2.2266708472703303,0.6768598770083822,0.6670322624723865,165.57177734375,6701192,0.0068521201610565186,0.3579543644622346,torch,cuda,float64,task_10,cuda,0.009712381288409233
162,1588,1598,0.8285,0.9615,0.978,0.9865,0.002497399225831032,4.114583134651184e-06,10,1.3159545593903654,0.40002178243340736,0.08480875951583847,165.57177734375,6701192,0.006849834695458412,0.17862022114570375,torch,cuda,float64,task_10,cuda,0.009712519124150276
163,1598,1608,0.8035,0.9905,1.0,1.0,0.0026011522859334946,3.8798898458480835e-06,10,2.1755341705654097,0.6613154310263724,0.638380147759096,165.57177734375,6701192,0.00684102438390255,0.34419638548562564,torch,cuda,float64,task_10,cuda,0.009709935635328293
164,1608,1618,0.796,0.971,0.9915,0.995,0.0024643000215291977,3.919005393981934e-06,10,2.0603965194376004,0.6263160702196597,0.5991046233933685,165.57177734375,6701192,0.006866589188575745,0.3431053955450106,torch,cuda,float64,task_10,cuda,0.009722555056214333
165,1618,1628,0.734,0.8885,0.9235,0.9395,0.0026086047291755676,3.855675458908081e-06,10,1.404936934031411,0.42707050372478544,0.5121587706678621,165.57177734375,6701192,0.006872003898024559,0.25856994935954775,torch,cuda,float64,task_10,cuda,0.00972459465265274
166,1628,1638,0.735,0.962,0.998,1.0,0.002487843856215477,4.4833868741989136e-06,10,2.2473371368375084,0.683141982974699,0.7207046941878233,165.57177734375,6701192,0.006860995665192604,0.41163998449257905,torch,cuda,float64,task_10,cuda,0.009719908237457275
167,1638,1648,0.6735,0.8665,0.9015,0.9255,0.002725031226873398,4.16487455368042e-06,10,1.5534810572892201,0.47222471101224983,0.5539861711874139,165.57177734375,6701192,0.006865000352263451,0.2881725625263591,torch,cuda,float64,task_10,cuda,0.009734109044075012
168,1648,1658,0.797,0.949,0.9815,0.9945,0.0026307199150323868,3.827735781669617e-06,10,1.9059125574118987,0.5793562801524978,0.5233197964156558,165.57177734375,6701192,0.006871175020933151,0.30551460875289194,torch,cuda,float64,task_10,cuda,0.00972762517631054
169,1658,1668,0.887,0.987,0.9935,0.999,0.00263252854347229,3.974884748458862e-06,10,2.219461999163012,0.6746685427798532,0.6307332191218472,165.57177734375,6701192,0.006860235705971718,0.3116075220602643,torch,cuda,float64,task_10,cuda,0.009730348363518715
170,1668,1674,0.68,0.8391666666666666,0.8708333333333333,0.8875,0.0017735008150339127,4.133209586143494e-06,6,1.289621391528438,0.3920170677796383,1.2293451478831683,165.57177734375,6701192,0.0058813560754060745,0.2584328358892625,torch,cuda,float64,task_10,cuda,0.009168732911348343
