label,method,path,seed,status
OVC-SVGP,ovc_svgp,/home/zd929/projects/stvgp_kronecker/baselines/covid_long_setting_b/results/formal_selected_bui_ovc_shared_m8/seed5/ovc_svgp/predictions.npz,5,archive_missing
OVC-SVGP,ovc_svgp,/home/zd929/projects/stvgp_kronecker/baselines/covid_long_setting_b/results/formal_selected_bui_ovc_shared_m8/seed6/ovc_svgp/predictions.npz,6,archive_missing
OVC-SVGP,ovc_svgp,/home/zd929/projects/stvgp_kronecker/baselines/covid_long_setting_b/results/formal_selected_bui_ovc_shared_m8/seed7/ovc_svgp/predictions.npz,7,archive_missing
OVC-SVGP,ovc_svgp,/home/zd929/projects/stvgp_kronecker/baselines/covid_long_setting_b/results/formal_selected_bui_ovc_shared_m8/seed8/ovc_svgp/predictions.npz,8,archive_missing
OVC-SVGP,ovc_svgp,/home/zd929/projects/stvgp_kronecker/baselines/covid_long_setting_b/results/formal_selected_bui_ovc_shared_m8/seed9/ovc_svgp/predictions.npz,9,archive_missing
FSDE-SVI,fsde_svi,/home/zd929/projects/stvgp_kronecker/baselines/covid_long_setting_b/results/formal_selected_fsde_svi_isolated/seed5/fsde_svi/predictions.npz,5,archive_missing
FSDE-SVI,fsde_svi,/home/zd929/projects/stvgp_kronecker/baselines/covid_long_setting_b/results/formal_selected_fsde_svi_isolated/seed6/fsde_svi/predictions.npz,6,archive_missing
FSDE-SVI,fsde_svi,/home/zd929/projects/stvgp_kronecker/baselines/covid_long_setting_b/results/formal_selected_fsde_svi_isolated/seed7/fsde_svi/predictions.npz,7,archive_missing
FSDE-SVI,fsde_svi,/home/zd929/projects/stvgp_kronecker/baselines/covid_long_setting_b/results/formal_selected_fsde_svi_isolated/seed8/fsde_svi/predictions.npz,8,archive_missing
FSDE-SVI,fsde_svi,/home/zd929/projects/stvgp_kronecker/baselines/covid_long_setting_b/results/formal_selected_fsde_svi_isolated/seed9/fsde_svi/predictions.npz,9,archive_missing
