Ms,category,has_prediction_archive,path,reason,scope,seed,status,version
,official_failed_or_unstarted,False,results/experiments_era5_ohsvgp_heldout_fullspace/paper_ready/ICLR Formal experiment/era5_batch_addendum_20260827/runs/task1_10/official_st_svgp/seed0,,task1_10,0,not_started_after_local_resource_limit,ERA5 candidate
,official_failed_or_unstarted,False,results/experiments_era5_ohsvgp_heldout_fullspace/paper_ready/ICLR Formal experiment/era5_batch_addendum_20260827/runs/task1_10/official_st_svgp/seed1,,task1_10,1,not_started_after_local_resource_limit,ERA5 candidate
,official_failed_or_unstarted,False,results/experiments_era5_ohsvgp_heldout_fullspace/paper_ready/ICLR Formal experiment/era5_batch_addendum_20260827/runs/task1_10/official_st_svgp/seed2,,task1_10,2,not_started_after_local_resource_limit,ERA5 candidate
,official_failed_or_unstarted,False,results/experiments_era5_ohsvgp_heldout_fullspace/paper_ready/ICLR Formal experiment/era5_batch_addendum_20260827/runs/task1_2/official_st_svgp/seed0,Pinned JAX CPU run did not complete locally; official GPU compatibility smoke OOMed on 8GB RTX 5070 during f64 186x720x720 intermediate.,task1_2,0,resource_limited_local_cpu,ERA5 candidate
,official_failed_or_unstarted,False,results/experiments_era5_ohsvgp_heldout_fullspace/paper_ready/ICLR Formal experiment/era5_batch_addendum_20260827/runs/task1_2/official_st_svgp/seed1,,task1_2,1,not_started_after_local_resource_limit,ERA5 candidate
,official_failed_or_unstarted,False,results/experiments_era5_ohsvgp_heldout_fullspace/paper_ready/ICLR Formal experiment/era5_batch_addendum_20260827/runs/task1_2/official_st_svgp/seed2,,task1_2,2,not_started_after_local_resource_limit,ERA5 candidate
,official_failed_or_unstarted,False,results/experiments_era5_ohsvgp_heldout_fullspace/paper_ready/ICLR Formal experiment/era5_sm_vfe_formal_20260827/runs/task1_2/official_st_svgp/seed0,No valid result after local legacy CPU Bayes-Newton attempts; later runs were stopped per user instruction.,,,failed_resource_limited,ERA5 candidate
30,official_failed_or_unstarted,False,results/experiments_era5_ohsvgp_heldout_fullspace/paper_ready/ICLR Formal experiment/iclr_era5_full_benchmark/probes/official_st_svgp_task1_10_ms30_seed0,"Larger ST-SVGP spatial budgets, MF-ST-SVGP, and full ST-VGP were not run on Task 1--10 after this lower-budget allocation failure.",task1_10,,resource_exhausted_before_iteration_1,ERA5 candidate
64,official_failed_or_unstarted,False,results/experiments_era5_ohsvgp_heldout_fullspace/paper_ready/ICLR Formal experiment/unified_stvgp_routeb_comparison/phase_d_shared_xlag_controlled/seed0/official_st_svgp_Ms64,Official CPU run reached the first iteration and was interrupted; no result or prediction archive was written.,task1_2,0,interrupted_without_result,ERA5 candidate
