Ms,archive_status,category,coverage90,coverage90_abs_delta,crps,ece,iterations,nlpd,nlpd_abs_delta,num_test_space,num_time_steps,num_train_space,path,prediction_shape,reported_coverage90,reported_nlpd,reported_rmse,rmse,rmse_abs_delta,seed,temporal_protocol,train_seconds,uses_xlag,version
128,valid,official_full_era5,0.9570967741935484,0.0,0.06056096748528383,0.12673387096774197,89,-0.759361163553049,1.1102230246251565e-16,200,186,800,results/experiments_era5_ohsvgp_heldout_fullspace/paper_ready/ICLR Formal experiment/post_meeting_priority_2026-07-14/p0b_official_full_era5/seed0/st_svgp_Ms128,186x200,0.9570967741935484,-0.7593611635530491,0.10853443771549728,0.10853443771549728,0.0,0,full Markov state at every observed time,3552.0173437595367,False,"ERA5 short direct-target, no X-lag (P0b)"
30,valid,official_full_era5,0.9245430107526882,0.0,0.10134871622177744,0.07557795698924732,54,-0.2676315734389547,5.551115123125783e-17,200,186,800,results/experiments_era5_ohsvgp_heldout_fullspace/paper_ready/ICLR Formal experiment/post_meeting_priority_2026-07-14/p0b_official_full_era5/seed0/st_svgp_Ms30,186x200,0.9245430107526882,-0.26763157343895466,0.18509743335072065,0.18509743335072065,0.0,0,full Markov state at every observed time,1473.2867822647095,False,"ERA5 short direct-target, no X-lag (P0b)"
64,valid,official_full_era5,0.9531182795698925,0.0,0.07307788423979153,0.10561827956989248,59,-0.5777209454050712,0.0,200,186,800,results/experiments_era5_ohsvgp_heldout_fullspace/paper_ready/ICLR Formal experiment/post_meeting_priority_2026-07-14/p0b_official_full_era5/seed0/st_svgp_Ms64,186x200,0.9531182795698925,-0.5777209454050712,0.12969305512831447,0.12969305512831444,2.7755575615628914e-17,0,full Markov state at every observed time,2055.9202024936676,False,"ERA5 short direct-target, no X-lag (P0b)"
128,valid,official_full_era5,0.933763440860215,0.0,0.06823955955637678,0.083247311827957,84,-0.6617591861557705,0.0,200,186,800,results/experiments_era5_ohsvgp_heldout_fullspace/paper_ready/ICLR Formal experiment/post_meeting_priority_2026-07-14/p0b_official_full_era5/seed1/st_svgp_Ms128,186x200,0.933763440860215,-0.6617591861557705,0.12667642721912092,0.12667642721912092,0.0,1,full Markov state at every observed time,3392.5370173454285,False,"ERA5 short direct-target, no X-lag (P0b)"
30,valid,official_full_era5,0.9212903225806451,0.0,0.10030117062816221,0.06811827956989247,78,-0.27252192682160625,0.0,200,186,800,results/experiments_era5_ohsvgp_heldout_fullspace/paper_ready/ICLR Formal experiment/post_meeting_priority_2026-07-14/p0b_official_full_era5/seed1/st_svgp_Ms30,186x200,0.9212903225806451,-0.27252192682160625,0.1841534139594477,0.1841534139594477,0.0,1,full Markov state at every observed time,2035.4062013626099,False,"ERA5 short direct-target, no X-lag (P0b)"
64,valid,official_full_era5,0.9272311827956989,0.0,0.08113249598539812,0.08668817204301076,59,-0.48038723497690206,0.0,200,186,800,results/experiments_era5_ohsvgp_heldout_fullspace/paper_ready/ICLR Formal experiment/post_meeting_priority_2026-07-14/p0b_official_full_era5/seed1/st_svgp_Ms64,186x200,0.9272311827956989,-0.48038723497690206,0.14921568416532918,0.14921568416532918,0.0,1,full Markov state at every observed time,1868.0998861789703,False,"ERA5 short direct-target, no X-lag (P0b)"
128,valid,official_full_era5,0.9357795698924731,0.0,0.06773321083604701,0.1004005376344086,93,-0.6634969085582652,0.0,200,186,800,results/experiments_era5_ohsvgp_heldout_fullspace/paper_ready/ICLR Formal experiment/post_meeting_priority_2026-07-14/p0b_official_full_era5/seed2/st_svgp_Ms128,186x200,0.9357795698924731,-0.6634969085582652,0.1259731965004949,0.1259731965004949,0.0,2,full Markov state at every observed time,3738.385759830475,False,"ERA5 short direct-target, no X-lag (P0b)"
30,valid,official_full_era5,0.9283064516129033,0.0,0.09756631679451486,0.08219354838709678,95,-0.3017169222928236,5.551115123125783e-17,200,186,800,results/experiments_era5_ohsvgp_heldout_fullspace/paper_ready/ICLR Formal experiment/post_meeting_priority_2026-07-14/p0b_official_full_era5/seed2/st_svgp_Ms30,186x200,0.9283064516129033,-0.30171692229282354,0.17796789378091427,0.17796789378091427,0.0,2,full Markov state at every observed time,2448.850706577301,False,"ERA5 short direct-target, no X-lag (P0b)"
64,valid,official_full_era5,0.9347311827956989,0.0,0.07959578681116723,0.0980483870967742,62,-0.5065598803798833,0.0,200,186,800,results/experiments_era5_ohsvgp_heldout_fullspace/paper_ready/ICLR Formal experiment/post_meeting_priority_2026-07-14/p0b_official_full_era5/seed2/st_svgp_Ms64,186x200,0.9347311827956989,-0.5065598803798833,0.1468948669559447,0.1468948669559447,0.0,2,full Markov state at every observed time,2314.266338825226,False,"ERA5 short direct-target, no X-lag (P0b)"
128,valid,official_full_era5,0.976747311827957,0.0,0.0476699100352661,0.1849489247311828,100,-0.9449842441756908,0.0,200,186,800,results/experiments_era5_ohsvgp_heldout_fullspace/paper_ready/ICLR Formal experiment/unified_stvgp_routeb_comparison/phase_d_joint_xlag_controlled/seed0/official_st_svgp_Ms128,186x200,0.976747311827957,-0.9449842441756908,0.08310872282017147,0.08310872282017148,1.3877787807814457e-17,0,full Markov state at every observed time,4586.830170631409,True,"ERA5 short direct-target, joint X-lag (Phase D)"
64,valid,official_full_era5,0.9673924731182796,0.0,0.057784781116361705,0.13369086021505378,100,-0.7902224564596955,0.0,200,186,800,results/experiments_era5_ohsvgp_heldout_fullspace/paper_ready/ICLR Formal experiment/unified_stvgp_routeb_comparison/phase_d_joint_xlag_controlled/seed0/official_st_svgp_Ms64,186x200,0.9673924731182796,-0.7902224564596955,0.1032568315131779,0.1032568315131779,0.0,0,full Markov state at every observed time,3527.535086631775,True,"ERA5 short direct-target, joint X-lag (Phase D)"
128,valid,official_full_era5,0.9772311827956989,0.0,0.048985647104946156,0.1786290322580645,100,-0.929332777747004,0.0,200,186,800,results/experiments_era5_ohsvgp_heldout_fullspace/paper_ready/ICLR Formal experiment/unified_stvgp_routeb_comparison/phase_d_joint_xlag_controlled/seed1/official_st_svgp_Ms128,186x200,0.9772311827956989,-0.929332777747004,0.08604157088559662,0.08604157088559662,0.0,1,full Markov state at every observed time,4581.550148010254,True,"ERA5 short direct-target, joint X-lag (Phase D)"
64,valid,official_full_era5,0.9534408602150538,0.0,0.06162024807406581,0.12058870967741935,100,-0.7430370897403248,0.0,200,186,800,results/experiments_era5_ohsvgp_heldout_fullspace/paper_ready/ICLR Formal experiment/unified_stvgp_routeb_comparison/phase_d_joint_xlag_controlled/seed1/official_st_svgp_Ms64,186x200,0.9534408602150538,-0.7430370897403248,0.11286874570374342,0.11286874570374342,0.0,1,full Markov state at every observed time,3172.877057313919,True,"ERA5 short direct-target, joint X-lag (Phase D)"
128,valid,official_full_era5,0.9822849462365592,0.0,0.04750404266154496,0.19036021505376347,100,-0.939590959442873,0.0,200,186,800,results/experiments_era5_ohsvgp_heldout_fullspace/paper_ready/ICLR Formal experiment/unified_stvgp_routeb_comparison/phase_d_joint_xlag_controlled/seed2/official_st_svgp_Ms128,186x200,0.9822849462365592,-0.939590959442873,0.08191218153717371,0.08191218153717371,0.0,2,full Markov state at every observed time,4483.1515872478485,True,"ERA5 short direct-target, joint X-lag (Phase D)"
64,valid,official_full_era5,0.9630645161290322,0.0,0.059380689019487294,0.13502419354838707,100,-0.7634952561766201,1.1102230246251565e-16,200,186,800,results/experiments_era5_ohsvgp_heldout_fullspace/paper_ready/ICLR Formal experiment/unified_stvgp_routeb_comparison/phase_d_joint_xlag_controlled/seed2/official_st_svgp_Ms64,186x200,0.9630645161290322,-0.7634952561766202,0.10557136376667886,0.10557136376667887,1.3877787807814457e-17,2,full Markov state at every observed time,3116.448511362076,True,"ERA5 short direct-target, joint X-lag (Phase D)"
128,valid,official_full_era5,0.9541129032258064,0.0,0.06541575319788076,0.1127741935483871,87,-0.689646430463729,0.0,200,186,800,results/experiments_era5_ohsvgp_heldout_fullspace/paper_ready/ICLR Formal experiment/unified_stvgp_routeb_comparison/phase_h_xlag_temporal_sparse_markov/seed0/full_markov_no_xlag_Ms128,186x200,0.9541129032258064,-0.689646430463729,0.1172514943183463,0.1172514943183463,0.0,0,full Markov state at every observed time,3755.1881861686707,False,"ERA5 short direct-target, full Markov no X-lag (Phase H)"
64,valid,official_full_era5,0.942258064516129,0.0,0.08016095453717673,0.0922715053763441,57,-0.49540263074874197,0.0,200,186,800,results/experiments_era5_ohsvgp_heldout_fullspace/paper_ready/ICLR Formal experiment/unified_stvgp_routeb_comparison/phase_h_xlag_temporal_sparse_markov/seed0/full_markov_no_xlag_Ms64,186x200,0.942258064516129,-0.49540263074874197,0.14508146043172032,0.14508146043172032,0.0,0,full Markov state at every observed time,1971.8898284435272,False,"ERA5 short direct-target, full Markov no X-lag (Phase H)"
128,valid,official_full_era5,0.9292204301075269,0.0,0.07350611532963433,0.0925215053763441,89,-0.5851202451781142,0.0,200,186,800,results/experiments_era5_ohsvgp_heldout_fullspace/paper_ready/ICLR Formal experiment/unified_stvgp_routeb_comparison/phase_h_xlag_temporal_sparse_markov/seed1/full_markov_no_xlag_Ms128,186x200,0.9292204301075269,-0.5851202451781142,0.13800963960929008,0.13800963960929008,0.0,1,full Markov state at every observed time,3805.949873447418,False,"ERA5 short direct-target, full Markov no X-lag (Phase H)"
64,valid,official_full_era5,0.9254032258064516,0.0,0.08610334737612481,0.07458870967741936,57,-0.42114927499712085,0.0,200,186,800,results/experiments_era5_ohsvgp_heldout_fullspace/paper_ready/ICLR Formal experiment/unified_stvgp_routeb_comparison/phase_h_xlag_temporal_sparse_markov/seed1/full_markov_no_xlag_Ms64,186x200,0.9254032258064516,-0.42114927499712085,0.1609327120884744,0.1609327120884744,0.0,1,full Markov state at every observed time,1721.7636620998383,False,"ERA5 short direct-target, full Markov no X-lag (Phase H)"
128,valid,official_full_era5,0.9333870967741935,0.0,0.0713529004325709,0.09251344086021504,88,-0.6103500956373817,0.0,200,186,800,results/experiments_era5_ohsvgp_heldout_fullspace/paper_ready/ICLR Formal experiment/unified_stvgp_routeb_comparison/phase_h_xlag_temporal_sparse_markov/seed2/full_markov_no_xlag_Ms128,186x200,0.9333870967741935,-0.6103500956373817,0.13083879131929674,0.13083879131929674,0.0,2,full Markov state at every observed time,3840.371423482895,False,"ERA5 short direct-target, full Markov no X-lag (Phase H)"
64,valid,official_full_era5,0.9333064516129033,0.0,0.08159745207388938,0.08913440860215052,58,-0.4756932433613267,0.0,200,186,800,results/experiments_era5_ohsvgp_heldout_fullspace/paper_ready/ICLR Formal experiment/unified_stvgp_routeb_comparison/phase_h_xlag_temporal_sparse_markov/seed2/full_markov_no_xlag_Ms64,186x200,0.9333064516129033,-0.4756932433613267,0.14861072017059648,0.14861072017059648,0.0,2,full Markov state at every observed time,1753.4360053539276,False,"ERA5 short direct-target, full Markov no X-lag (Phase H)"
