dataset,method,rmse_mean,rmse_sd,crps_mean,crps_sd,nlpd_mean,nlpd_sd,ece_mean,ece_sd,runs
ERA5-Land,OSGPR,0.9833,0.0127,0.5612,0.0086,1.5847,0.0294,0.1131,0.0051,5
ERA5-Land,StreamingSGPR,1.0660,0.0196,0.6283,0.0144,1.7331,0.0466,0.1543,0.0080,5
ERA5-Land,OHSVGP,0.7303,0.0302,0.4132,0.0170,1.2989,0.0686,0.1063,0.0091,5
ERA5-Land,Kron-STGP,0.4166,0.0046,0.2391,0.0016,0.6590,0.0051,0.1711,0.0018,5
ERA5-Land,KronHiPPO-STGP,0.1416,0.0036,0.0766,0.0017,-0.3349,0.0434,0.0669,0.0067,5
COVID-19,Persistence,0.1955,0.0095,0.1087,0.0051,-0.1894,0.0321,0.0656,0.0316,5
COVID-19,Adaptive OSGPR,0.1742,0.0290,0.0990,0.0167,-0.2603,0.1757,0.1267,0.0435,5
COVID-19,ST-SVGP,0.2094,0.0136,0.1192,0.0067,-0.0840,0.0390,0.0900,0.0239,5
COVID-19,LMC-SVGP,0.3376,0.0529,0.1965,0.0281,1.0809,0.4905,0.1806,0.0140,5
COVID-19,ICM-SVGP,0.3435,0.0447,0.2002,0.0219,1.0005,0.3588,0.1797,0.0016,5
COVID-19,FSDE-SVI,0.4705,0.0478,0.2580,0.0158,0.6693,0.1044,0.0238,0.0066,5
COVID-19,Kron-STGP,0.1605,0.0107,0.0922,0.0055,-0.3029,0.0533,0.1427,0.0240,5
COVID-19,KronHiPPO-STGP,0.1580,0.0120,0.0885,0.0058,-0.3621,0.0583,0.1183,0.0343,5
PEMS-BAY,IGNNK,0.7968,0.1226,,,,,,3
PEMS-BAY,OHSVGP,0.8190,0.0681,0.4064,0.0204,1.2312,0.0760,0.1671,0.0124,3
PEMS-BAY,OSGPR,0.8207,0.0685,0.4130,0.0211,1.2318,0.0652,0.1816,0.0083,3
PEMS-BAY,Kron-STGP,0.8139,0.0695,0.4104,0.0220,1.2242,0.0664,0.1827,0.0096,3
PEMS-BAY,KronHiPPO-STGP,0.7666,0.0629,0.3774,0.0193,1.1883,0.1076,0.1317,0.0196,3
