coverage90_mean,coverage90_sd,crps_mean,crps_sd,ece_mean,ece_sd,label,method,native_gaussian_nlpd_mean,native_gaussian_nlpd_sd,replications,rmse_mean,rmse_sd,source_kind
0.9408391608391609,0.01865704909551921,0.10866328136073944,0.005134227030883292,0.06556643356643356,0.03162291577932725,Last-value persistence,persistence,-0.1894278712981805,0.0321199692824662,5,0.19545311752189104,0.00947265001086649,retained_audited_archive_aggregate
0.9709090909090909,0.012268692182277023,0.09307535316889452,0.0043767840562698316,0.15855944055944055,0.020828926946923634,Kron-STGP (point-inducing temporal control),routeb_ordinary,-0.28108202129866566,0.03258025695941091,5,0.16002780203528735,0.010577986293728072,retained_audited_archive_aggregate
0.96013986013986,0.023039809104245544,0.08776135508856343,0.005508212639375936,0.12097902097902095,0.03158513749468211,KronHiPPO-STGP (cumulative HiPPO),routeb_cumulative_hippo,-0.36520650079188527,0.04407035684022424,5,0.1564923985006268,0.012654848292570867,retained_audited_archive_aggregate
0.681958041958042,0.06473613577194241,0.32780866867720154,0.036456438434495385,0.1577902097902098,0.03804936810800869,Streaming sparse GP (Bui et al.; controlled transfer),bui_controlled,1.0158121167230685,0.2164040285321847,5,0.5513815079430071,0.05015839436556665,retained_audited_archive_aggregate
0.9520279720279721,0.0134476815430057,0.09904952535225421,0.01674388597730409,0.12667132867132866,0.043485529162190534,"Streaming sparse GP (Bui et al.; adaptive update, CPU)",bui_adaptive,-0.26033283118785533,0.1756728737284764,5,0.17422938443822772,0.028975978541214673,retained_audited_archive_aggregate
0.9525874125874125,0.013635467067531593,0.119164708051362,0.00670723221336983,0.09002797202797203,0.023878103404412047,ST-SVGP,st_svgp,-0.08404021133766501,0.0390089905899099,5,0.20936488101036774,0.013622313416484035,retained_audited_archive_aggregate
0.6403263403263404,0.036217655700581435,0.19651202097257625,0.028095342632970147,0.18060606060606063,0.013974879017329354,LMC-SVGP,lmc_svgp,1.0809347294629332,0.49050347874902867,3,0.3376446523903501,0.052927406597228985,latest_4090_aggregate
0.6484848484848484,0.022435821753875963,0.20022008654456733,0.02188901232344526,0.17965034965034965,0.0016083916083916158,ICM-SVGP,imc_svgp,1.0005181214919856,0.3587837085593493,3,0.3435242343293714,0.04472024334532757,latest_4090_aggregate
0.9118881118881119,0.01580790846917104,0.2580404667722775,0.015832733244080983,0.02375291375291375,0.006645319302771919,FSDE-SVI,fsde_svi,0.669289839757897,0.10441115146842364,3,0.4705186391448148,0.0477574419082356,latest_4090_aggregate
