scope,branch,pair_key,seed,two_stage_method,joint_method,two_stage_rmse,joint_rmse,delta_rmse,two_stage_nll,joint_nll,delta_nll,two_stage_coverage90,joint_coverage90,delta_coverage90,bootstrap_seed,n_pairs,delta_rmse_ci_low,delta_rmse_ci_high,delta_nll_ci_low,delta_nll_ci_high,delta_coverage90_ci_low,delta_coverage90_ci_high
short,batch,routeb_analytic_hippo_rff_mt128_ms128,0,routeb_shared_residual_analytic_hippo_rff_mt128_ms128,routeb_joint_analytic_hippo_rff_mt128_ms128,0.10404956612608009,0.08322073603029959,-0.0208288300957805,-0.8350129570806525,-1.0121388501070938,-0.17712589302644133,0.9489784946236559,0.9673118279569892,0.018333333333333313,20260807,5,-0.02234341700154043,-0.01900924238222093,-0.18051495405740806,-0.16790936856834618,0.011602150537634404,0.01703763440860213
short,batch,routeb_analytic_hippo_rff_mt128_ms128,1,routeb_shared_residual_analytic_hippo_rff_mt128_ms128,routeb_joint_analytic_hippo_rff_mt128_ms128,0.1071228512791276,0.08968335115089697,-0.01743950012823063,-0.8185301602334282,-0.9955072297322107,-0.17697706949878256,0.9487903225806451,0.9578225806451612,0.00903225806451613,20260807,5,-0.02234341700154043,-0.01900924238222093,-0.18051495405740806,-0.16790936856834618,0.011602150537634404,0.01703763440860213
short,batch,routeb_analytic_hippo_rff_mt128_ms128,2,routeb_shared_residual_analytic_hippo_rff_mt128_ms128,routeb_joint_analytic_hippo_rff_mt128_ms128,0.10426064089090219,0.08245788128637102,-0.021802759604531166,-0.821670016859631,-1.005036259844915,-0.18336624298528392,0.9554032258064517,0.9704301075268817,0.015026881720430096,20260807,5,-0.02234341700154043,-0.01900924238222093,-0.18051495405740806,-0.16790936856834618,0.011602150537634404,0.01703763440860213
short,batch,routeb_analytic_hippo_rff_mt128_ms128,3,routeb_shared_residual_analytic_hippo_rff_mt128_ms128,routeb_joint_analytic_hippo_rff_mt128_ms128,0.105182228852526,0.08328334742189374,-0.02189888143063226,-0.8283280930264479,-0.9901439599946807,-0.1618158669682328,0.9589247311827958,0.9748118279569893,0.015887096774193532,20260807,5,-0.02234341700154043,-0.01900924238222093,-0.18051495405740806,-0.16790936856834618,0.011602150537634404,0.01703763440860213
short,batch,routeb_analytic_hippo_rff_mt128_ms128,4,routeb_shared_residual_analytic_hippo_rff_mt128_ms128,routeb_joint_analytic_hippo_rff_mt128_ms128,0.11634258423437835,0.09334612640728189,-0.02299645782709646,-0.7760241174032961,-0.9515230892357021,-0.17549897183240593,0.948010752688172,0.9631720430107527,0.015161290322580623,20260807,5,-0.02234341700154043,-0.01900924238222093,-0.18051495405740806,-0.16790936856834618,0.011602150537634404,0.01703763440860213
short,batch,routeb_analytic_hippo_rff_mt128_ms64,0,routeb_shared_residual_analytic_hippo_rff_mt128_ms64,routeb_joint_analytic_hippo_rff_mt128_ms64,0.11980615599884134,0.09697174487857281,-0.02283441112026853,-0.5988066549872247,-0.7047214715914896,-0.10591481660426483,0.9758064516129032,0.9855913978494624,0.009784946236559122,20260807,5,-0.025914330649157824,-0.021842716496759142,-0.11449714351018477,-0.02079308169547569,0.011795698924731179,0.017731182795698942
short,batch,routeb_analytic_hippo_rff_mt128_ms64,1,routeb_shared_residual_analytic_hippo_rff_mt128_ms64,routeb_joint_analytic_hippo_rff_mt128_ms64,0.1310788718881864,0.10465771871215937,-0.02642115317602703,-0.573364557149485,-0.6354850106646179,-0.062120453515132956,0.9676344086021506,0.9866397849462366,0.019005376344086056,20260807,5,-0.025914330649157824,-0.021842716496759142,-0.11449714351018477,-0.02079308169547569,0.011795698924731179,0.017731182795698942
short,batch,routeb_analytic_hippo_rff_mt128_ms64,2,routeb_shared_residual_analytic_hippo_rff_mt128_ms64,routeb_joint_analytic_hippo_rff_mt128_ms64,0.12284337892307301,0.09959862887757602,-0.02324475004549699,-0.5837052120361712,-0.7096910799681369,-0.12598586793196564,0.9731451612903226,0.9858333333333333,0.01268817204301076,20260807,5,-0.025914330649157824,-0.021842716496759142,-0.11449714351018477,-0.02079308169547569,0.011795698924731179,0.017731182795698942
short,batch,routeb_analytic_hippo_rff_mt128_ms64,3,routeb_shared_residual_analytic_hippo_rff_mt128_ms64,routeb_joint_analytic_hippo_rff_mt128_ms64,0.12638481408279792,0.10623480898391709,-0.020150005098880833,-0.6058641539849948,-0.5778171829950881,0.028046970989906717,0.9718279569892473,0.9901344086021505,0.01830645161290323,20260807,5,-0.025914330649157824,-0.021842716496759142,-0.11449714351018477,-0.02079308169547569,0.011795698924731179,0.017731182795698942
short,batch,routeb_analytic_hippo_rff_mt128_ms64,4,routeb_shared_residual_analytic_hippo_rff_mt128_ms64,routeb_joint_analytic_hippo_rff_mt128_ms64,0.13685224327515083,0.1101099448510318,-0.02674229842411903,-0.5728992523628202,-0.6801988349041841,-0.10729958254136385,0.9660483870967742,0.9800806451612903,0.014032258064516134,20260807,5,-0.025914330649157824,-0.021842716496759142,-0.11449714351018477,-0.02079308169547569,0.011795698924731179,0.017731182795698942
short,batch,routeb_analytic_hippo_rff_mt64_ms64,0,routeb_shared_residual_analytic_hippo_rff_mt64_ms64,routeb_joint_analytic_hippo_rff_mt64_ms64,0.12336353592882435,0.10059345869119003,-0.022770077237634315,-0.5434747606234582,-0.5574124187150723,-0.013937658091614069,0.9797849462365591,0.9923924731182796,0.01260752688172051,20260807,5,-0.026004581845542735,-0.023143105777396263,-0.02024513024340189,-0.015599368762439813,0.01388172043010758,0.018677419354838708
short,batch,routeb_analytic_hippo_rff_mt64_ms64,1,routeb_shared_residual_analytic_hippo_rff_mt64_ms64,routeb_joint_analytic_hippo_rff_mt64_ms64,0.1346356578677523,0.10876190348983089,-0.025873754377921415,-0.526329977630224,-0.5429978001855241,-0.016667822555300082,0.9718279569892473,0.9899193548387096,0.018091397849462343,20260807,5,-0.026004581845542735,-0.023143105777396263,-0.02024513024340189,-0.015599368762439813,0.01388172043010758,0.018677419354838708
short,batch,routeb_analytic_hippo_rff_mt64_ms64,2,routeb_shared_residual_analytic_hippo_rff_mt64_ms64,routeb_joint_analytic_hippo_rff_mt64_ms64,0.12671531468992492,0.10306253914219846,-0.023652775547726462,-0.5263659308198674,-0.5458819778019242,-0.01951604698205678,0.9765322580645162,0.992983870967742,0.016451612903225832,20260807,5,-0.026004581845542735,-0.023143105777396263,-0.02024513024340189,-0.015599368762439813,0.01388172043010758,0.018677419354838708
short,batch,routeb_analytic_hippo_rff_mt64_ms64,3,routeb_shared_residual_analytic_hippo_rff_mt64_ms64,routeb_joint_analytic_hippo_rff_mt64_ms64,0.12944514931048876,0.10618384987849565,-0.023261299431993107,-0.5571326296021935,-0.5784893252775921,-0.021356695675398663,0.9762365591397849,0.9901075268817204,0.013870967741935525,20260807,5,-0.026004581845542735,-0.023143105777396263,-0.02024513024340189,-0.015599368762439813,0.01388172043010758,0.018677419354838708
short,batch,routeb_analytic_hippo_rff_mt64_ms64,4,routeb_shared_residual_analytic_hippo_rff_mt64_ms64,routeb_joint_analytic_hippo_rff_mt64_ms64,0.14102579108416874,0.11406317261156902,-0.026962618472599717,-0.5273612247711923,-0.5468413906732909,-0.019480165902098556,0.968252688172043,0.9886290322580645,0.020376344086021514,20260807,5,-0.026004581845542735,-0.023143105777396263,-0.02024513024340189,-0.015599368762439813,0.01388172043010758,0.018677419354838708
short,batch,routeb_inducing_points_mt128_ms128,0,routeb_shared_residual_inducing_points_mt128_ms128,routeb_joint_inducing_points_mt128_ms128,0.08861440900878575,0.06809784297495014,-0.020516566033835615,-0.9786096063800838,-1.1666351170336566,-0.18802551065357287,0.9591666666666666,0.9788172043010752,0.019650537634408605,20260807,5,-0.022625069735608613,-0.018900515676389167,-0.19831725862145783,-0.18850973567716803,0.014817204301075294,0.019887096774193556
short,batch,routeb_inducing_points_mt128_ms128,1,routeb_shared_residual_inducing_points_mt128_ms128,routeb_joint_inducing_points_mt128_ms128,0.09343858680263747,0.07631353693920433,-0.017125049863433148,-0.9540192621546946,-1.1492997723367413,-0.19528051018204673,0.9563440860215053,0.9685215053763441,0.012177419354838737,20260807,5,-0.022625069735608613,-0.018900515676389167,-0.19831725862145783,-0.18850973567716803,0.014817204301075294,0.019887096774193556
short,batch,routeb_inducing_points_mt128_ms128,2,routeb_shared_residual_inducing_points_mt128_ms128,routeb_joint_inducing_points_mt128_ms128,0.08997055441213678,0.06860009361951229,-0.021370460792624488,-0.9641325964749508,-1.1627224322967986,-0.19858983582184786,0.9598387096774194,0.9803225806451613,0.020483870967741957,20260807,5,-0.022625069735608613,-0.018900515676389167,-0.19831725862145783,-0.18850973567716803,0.014817204301075294,0.019887096774193556
short,batch,routeb_inducing_points_mt128_ms128,3,routeb_shared_residual_inducing_points_mt128_ms128,routeb_joint_inducing_points_mt128_ms128,0.09153260919639329,0.06892174643858251,-0.022610862757810782,-0.9662911059049534,-1.1518996793532772,-0.18560857344832382,0.9653225806451613,0.9823924731182796,0.017069892473118298,20260807,5,-0.022625069735608613,-0.018900515676389167,-0.19831725862145783,-0.18850973567716803,0.014817204301075294,0.019887096774193556
short,batch,routeb_inducing_points_mt128_ms128,4,routeb_shared_residual_inducing_points_mt128_ms128,routeb_joint_inducing_points_mt128_ms128,0.1036869605132387,0.08042037932834019,-0.023266581184898508,-0.9037584969390101,-1.1033215525797835,-0.19956305564077337,0.951989247311828,0.9711559139784947,0.019166666666666665,20260807,5,-0.022625069735608613,-0.018900515676389167,-0.19831725862145783,-0.18850973567716803,0.014817204301075294,0.019887096774193556
short,batch,routeb_inducing_points_mt128_ms64,0,routeb_shared_residual_inducing_points_mt128_ms64,routeb_joint_inducing_points_mt128_ms64,0.10866555295391142,0.08624071441904273,-0.022424838534868693,-0.7416674845637793,-0.9165208678904705,-0.1748533833266912,0.9698655913978494,0.9783064516129032,0.008440860215053747,20260807,5,-0.026279704281295845,-0.023114253851167155,-0.18159326703529005,-0.1771610571333982,0.010172043010752673,0.014951612903225798
short,batch,routeb_inducing_points_mt128_ms64,1,routeb_shared_residual_inducing_points_mt128_ms64,routeb_joint_inducing_points_mt128_ms64,0.1209745173054123,0.09543704709635627,-0.02553747020905603,-0.701693790176793,-0.8822168511491025,-0.18052306097230952,0.9561827956989247,0.972983870967742,0.016801075268817245,20260807,5,-0.026279704281295845,-0.023114253851167155,-0.18159326703529005,-0.1771610571333982,0.010172043010752673,0.014951612903225798
short,batch,routeb_inducing_points_mt128_ms64,2,routeb_shared_residual_inducing_points_mt128_ms64,routeb_joint_inducing_points_mt128_ms64,0.11262150191866041,0.09002944093013923,-0.02259206098852118,-0.7143864506177154,-0.8950749131231925,-0.1806884625054771,0.9644354838709678,0.9766129032258064,0.012177419354838626,20260807,5,-0.026279704281295845,-0.023114253851167155,-0.18159326703529005,-0.1771610571333982,0.010172043010752673,0.014951612903225798
short,batch,routeb_inducing_points_mt128_ms64,3,routeb_shared_residual_inducing_points_mt128_ms64,routeb_joint_inducing_points_mt128_ms64,0.1165630265951248,0.08994204423104447,-0.026620982364080323,-0.7328358662123522,-0.9150874701119067,-0.18225160389955453,0.9616129032258065,0.9752150537634409,0.013602150537634361,20260807,5,-0.026279704281295845,-0.023114253851167155,-0.18159326703529005,-0.1771610571333982,0.010172043010752673,0.014951612903225798
short,batch,routeb_inducing_points_mt128_ms64,4,routeb_shared_residual_inducing_points_mt128_ms64,routeb_joint_inducing_points_mt128_ms64,0.12849527444239883,0.10218573120776756,-0.026309543234631277,-0.6746376302888323,-0.8552601981322909,-0.18062256784345865,0.9545967741935484,0.9665322580645161,0.011935483870967767,20260807,5,-0.026279704281295845,-0.023114253851167155,-0.18159326703529005,-0.1771610571333982,0.010172043010752673,0.014951612903225798
short,batch,routeb_inducing_points_mt64_ms64,0,routeb_shared_residual_inducing_points_mt64_ms64,routeb_joint_inducing_points_mt64_ms64,0.11898081416965128,0.09596702939184551,-0.023013784777805774,-0.6093944435992715,-0.7382020087778685,-0.12880756517859693,0.9757795698924732,0.9848655913978495,0.009086021505376296,20260807,5,-0.0265108206580398,-0.0237962468724525,-0.13419524239737107,-0.12961573907746735,0.010548387096774147,0.013978494623655857
short,batch,routeb_inducing_points_mt64_ms64,1,routeb_shared_residual_inducing_points_mt64_ms64,routeb_joint_inducing_points_mt64_ms64,0.1301435356060084,0.10395366560664464,-0.02618986999936375,-0.5823974467163124,-0.7108605114332651,-0.12846306471695268,0.9668817204301076,0.9817473118279569,0.014865591397849376,20260807,5,-0.0265108206580398,-0.0237962468724525,-0.13419524239737107,-0.12961573907746735,0.010548387096774147,0.013978494623655857
short,batch,routeb_inducing_points_mt64_ms64,2,routeb_shared_residual_inducing_points_mt64_ms64,routeb_joint_inducing_points_mt64_ms64,0.12229512818846527,0.0989001769823367,-0.02339495120612857,-0.5898113013419912,-0.7233487369382288,-0.13353743559623754,0.9732258064516129,0.9859677419354839,0.012741935483870925,20260807,5,-0.0265108206580398,-0.0237962468724525,-0.13419524239737107,-0.12961573907746735,0.010548387096774147,0.013978494623655857
short,batch,routeb_inducing_points_mt64_ms64,3,routeb_shared_residual_inducing_points_mt64_ms64,routeb_joint_inducing_points_mt64_ms64,0.1256260950253248,0.09898890720262378,-0.02663718782270101,-0.6081455048814649,-0.7421992377873471,-0.13405373290588218,0.9703225806451613,0.9830913978494623,0.012768817204301008,20260807,5,-0.0265108206580398,-0.0237962468724525,-0.13419524239737107,-0.12961573907746735,0.010548387096774147,0.013978494623655857
short,batch,routeb_inducing_points_mt64_ms64,4,routeb_shared_residual_inducing_points_mt64_ms64,routeb_joint_inducing_points_mt64_ms64,0.13665414182376898,0.11010921300105236,-0.026544928822716612,-0.5561427919030248,-0.6908084471924516,-0.13466565528942676,0.9666129032258064,0.9791397849462365,0.01252688172043015,20260807,5,-0.0265108206580398,-0.0237962468724525,-0.13419524239737107,-0.12961573907746735,0.010548387096774147,0.013978494623655857
